{
    "Atletico Tucuman vs Gimnasia La Plata": {
        "1": 0.44651162790697674,
        "X": 0.2930232558139535,
        "2": 0.26046511627906976
    },
    "Banfield vs Tigre": {
        "1": 0.32741575422557667,
        "X": 0.333262464122462,
        "2": 0.3393217816519613
    },
    "Bournemouth vs Manchester United": {
        "1": 0.3025612158739094,
        "X": 0.2541514213340839,
        "2": 0.4432873627920068
    },
    "Bahia vs Bragantino-SP": {
        "1": 0.48455459770114945,
        "X": 0.2664887794198139,
        "2": 0.24895662287903667
    },
    "Palmeiras vs Botafogo": {
        "1": 0.6060844104834678,
        "X": 0.22995072484467613,
        "2": 0.16396486467185603
    },
    "Atletico Paranaense vs Cruzeiro": {
        "1": 0.430406852248394,
        "X": 0.28693790149892934,
        "2": 0.28265524625267663
    },
    "Atletico Mineiro vs Sao Paulo": {
        "1": 0.3943064809206542,
        "X": 0.3052695336159903,
        "2": 0.3004239854633555
    },
    "Mirassol vs Coritiba": {
        "1": 0.5497382198952879,
        "X": 0.26178010471204183,
        "2": 0.18848167539267013
    },
    "Santos vs Internacional": {
        "1": 0.4102564102564103,
        "X": 0.2948717948717949,
        "2": 0.2948717948717949
    },
    "Vasco da Gama vs Fluminense": {
        "1": 0.32019405700424497,
        "X": 0.2862340812613705,
        "2": 0.39357186173438446
    }
}