{
  "ts": "20260426_002649",
  "config": {
    "ligas": [
      "Bolivia",
      "Peru"
    ],
    "gamma_map": {},
    "rho_por_liga": {
      "Bolivia": -0.0312,
      "Peru": -0.0399
    },
    "freq_local": {
      "Bolivia": [
        15,
        0.6
      ],
      "Peru": [
        20,
        0.7
      ]
    },
    "hg_activo_por_liga": {
      "Bolivia": false,
      "Peru": false
    },
    "n_min_hallazgo_g": 50,
    "altitud_niveles": [
      [
        3601,
        99999,
        0.75,
        1.35,
        "Zona de la Muerte"
      ],
      [
        3001,
        3600,
        0.8,
        1.25,
        "Extremo"
      ],
      [
        2501,
        3000,
        0.85,
        1.15,
        "Alto"
      ],
      [
        1501,
        2500,
        0.9,
        1.1,
        "Medio"
      ]
    ],
    "rango_poisson": 10,
    "bootstrap_n": 5000,
    "seed": 20260425
  },
  "n_total": 6,
  "global": {
    "puro": {
      "label": "GLOBAL_puro",
      "n": 6,
      "mean_brier_a": 0.1909785528413769,
      "mean_brier_b": 0.18022519663917644,
      "mean_delta": -0.010753356202200477,
      "ci95_lo": -0.0975869583700711,
      "ci95_hi": 0.09838343672367965,
      "ci_includes_zero": true,
      "hit_rate_a": 0.6666666666666666,
      "hit_rate_b": 0.6666666666666666
    },
    "sistema": {
      "label": "GLOBAL_sistema",
      "n": 6,
      "mean_brier_a": 0.18602346882495518,
      "mean_brier_b": 0.18022519663917644,
      "mean_delta": -0.005798272185778754,
      "ci95_lo": -0.0884618864828335,
      "ci95_hi": 0.10024905518602689,
      "ci_includes_zero": true,
      "hit_rate_a": 0.6666666666666666,
      "hit_rate_b": 0.6666666666666666
    }
  },
  "por_liga": {
    "Bolivia": {
      "puro": {
        "label": "Bolivia_puro",
        "n": 4,
        "mean_brier_a": 0.20654600513472776,
        "mean_brier_b": 0.23647120005222594,
        "mean_delta": 0.029925194917498173,
        "ci95_lo": -0.09852028337501961,
        "ci95_hi": 0.15837067321001597,
        "ci_includes_zero": true,
        "hit_rate_a": 0.5,
        "hit_rate_b": 0.5
      },
      "sistema": {
        "label": "Bolivia_sistema",
        "n": 4,
        "mean_brier_a": 0.2054263673142141,
        "mean_brier_b": 0.23647120005222594,
        "mean_delta": 0.031044832738011837,
        "ci95_lo": -0.09295058870757028,
        "ci95_hi": 0.15504025418359396,
        "ci_includes_zero": true,
        "hit_rate_a": 0.5,
        "hit_rate_b": 0.5
      }
    },
    "Peru": {
      "puro": {
        "label": "Peru_puro",
        "n": 2,
        "mean_brier_a": 0.1598436482546752,
        "mean_brier_b": 0.06773318981307742,
        "mean_delta": -0.09211045844159778,
        "ci95_lo": -0.09243541979509491,
        "ci95_hi": -0.09178549708810065,
        "ci_includes_zero": false,
        "hit_rate_a": 1.0,
        "hit_rate_b": 1.0
      },
      "sistema": {
        "label": "Peru_sistema",
        "n": 2,
        "mean_brier_a": 0.14721767184643736,
        "mean_brier_b": 0.06773318981307742,
        "mean_delta": -0.07948448203335994,
        "ci95_lo": -0.07957333410955768,
        "ci95_hi": -0.07939562995716219,
        "ci_includes_zero": false,
        "hit_rate_a": 1.0,
        "hit_rate_b": 1.0
      }
    }
  },
  "por_nivel": {
    "Medio": {
      "puro": {
        "label": "Medio_puro",
        "n": 0
      },
      "sistema": {
        "label": "Medio_sistema",
        "n": 0
      }
    },
    "Alto": {
      "puro": {
        "label": "Alto_puro",
        "n": 0
      },
      "sistema": {
        "label": "Alto_sistema",
        "n": 0
      }
    },
    "Extremo": {
      "puro": {
        "label": "Extremo_puro",
        "n": 2,
        "mean_brier_a": 0.1598436482546752,
        "mean_brier_b": 0.06773318981307742,
        "mean_delta": -0.09211045844159778,
        "ci95_lo": -0.09243541979509491,
        "ci95_hi": -0.09178549708810065,
        "ci_includes_zero": false,
        "hit_rate_a": 1.0,
        "hit_rate_b": 1.0
      },
      "sistema": {
        "label": "Extremo_sistema",
        "n": 2,
        "mean_brier_a": 0.14721767184643736,
        "mean_brier_b": 0.06773318981307742,
        "mean_delta": -0.07948448203335994,
        "ci95_lo": -0.07957333410955768,
        "ci95_hi": -0.07939562995716219,
        "ci_includes_zero": false,
        "hit_rate_a": 1.0,
        "hit_rate_b": 1.0
      }
    },
    "Zona de la Muerte": {
      "puro": {
        "label": "Zona de la Muerte_puro",
        "n": 4,
        "mean_brier_a": 0.20654600513472776,
        "mean_brier_b": 0.23647120005222594,
        "mean_delta": 0.029925194917498173,
        "ci95_lo": -0.09852028337501961,
        "ci95_hi": 0.15837067321001597,
        "ci_includes_zero": true,
        "hit_rate_a": 0.5,
        "hit_rate_b": 0.5
      },
      "sistema": {
        "label": "Zona de la Muerte_sistema",
        "n": 4,
        "mean_brier_a": 0.2054263673142141,
        "mean_brier_b": 0.23647120005222594,
        "mean_delta": 0.031044832738011837,
        "ci95_lo": -0.09295058870757028,
        "ci95_hi": 0.15504025418359396,
        "ci_includes_zero": true,
        "hit_rate_a": 0.5,
        "hit_rate_b": 0.5
      }
    }
  },
  "por_visitante": {
    "altura": {
      "puro": {
        "label": "vis_altura_puro",
        "n": 1,
        "mean_brier_a": 0.1628327690204709,
        "mean_brier_b": 0.07039734922537598,
        "mean_delta": -0.09243541979509491,
        "ci95_lo": -0.09243541979509491,
        "ci95_hi": -0.09243541979509491,
        "ci_includes_zero": false,
        "hit_rate_a": 1.0,
        "hit_rate_b": 1.0
      },
      "sistema": {
        "label": "vis_altura_sistema",
        "n": 1,
        "mean_brier_a": 0.14997068333493366,
        "mean_brier_b": 0.07039734922537598,
        "mean_delta": -0.07957333410955768,
        "ci95_lo": -0.07957333410955768,
        "ci95_hi": -0.07957333410955768,
        "ci_includes_zero": false,
        "hit_rate_a": 1.0,
        "hit_rate_b": 1.0
      }
    },
    "lowland": {
      "puro": {
        "label": "vis_lowland_puro",
        "n": 5,
        "mean_brier_a": 0.19660770960555812,
        "mean_brier_b": 0.20219076612193654,
        "mean_delta": 0.00558305651637841,
        "ci95_lo": -0.09861726608506635,
        "ci95_hi": 0.135103268060004,
        "ci_includes_zero": true,
        "hit_rate_a": 0.6,
        "hit_rate_b": 0.6
      },
      "sistema": {
        "label": "vis_lowland_sistema",
        "n": 5,
        "mean_brier_a": 0.1932340259229595,
        "mean_brier_b": 0.20219076612193654,
        "mean_delta": 0.00895674019897703,
        "ci95_lo": -0.09023959695748866,
        "ci95_hi": 0.13521504041686574,
        "ci_includes_zero": true,
        "hit_rate_a": 0.6,
        "hit_rate_b": 0.6
      }
    }
  },
  "split_temporal": {
    "H1": {
      "puro": {
        "label": "H1_puro",
        "n": 3,
        "mean_brier_a": 0.17987187563974685,
        "mean_brier_b": 0.1866618943696996,
        "mean_delta": 0.0067900187299527555,
        "ci95_lo": -0.11247476949909123,
        "ci95_hi": 0.22528024548404443,
        "ci_includes_zero": true,
        "hit_rate_a": 0.6666666666666666,
        "hit_rate_b": 0.6666666666666666
      },
      "sistema": {
        "label": "H1_sistema",
        "n": 3,
        "mean_brier_a": 0.17187138396626822,
        "mean_brier_b": 0.1866618943696996,
        "mean_delta": 0.014790510403431387,
        "ci95_lo": -0.10133538016419257,
        "ci95_hi": 0.22528024548404443,
        "ci_includes_zero": true,
        "hit_rate_a": 0.6666666666666666,
        "hit_rate_b": 0.6666666666666666
      },
      "fecha_min": "2026-04-12 18:15",
      "fecha_max": "2026-04-21 21:00"
    },
    "H2": {
      "puro": {
        "label": "H2_puro",
        "n": 3,
        "mean_brier_a": 0.202085230043007,
        "mean_brier_b": 0.17378849890865328,
        "mean_delta": -0.02829673113435371,
        "ci95_lo": -0.09178549708810065,