{
  "fecha": "2026-04-26",
  "bead": "adepor-617",
  "h4_threshold": 0.35,
  "n_test": 1806,
  "politicas": {
    "All_6_ligas (baseline)": {
      "V0": {
        "n": 1806,
        "hit": 0.5260243632336655,
        "yield": -0.002724252491694354,
        "ci_low": -0.05215393133997785,
        "ci_high": 0.04681616832779623,
        "significant_95": false
      },
      "V12": {
        "n": 1806,
        "hit": 0.5276854928017719,
        "yield": 0.017159468438538206,
        "ci_low": -0.03425249169435216,
        "ci_high": 0.06359911406423034,
        "significant_95": false
      },
      "H4": {
        "n": 1806,
        "hit": 0.526578073089701,
        "yield": 0.011295681063122922,
        "ci_low": -0.0397452934662237,
        "ci_high": 0.06030454042081949,
        "significant_95": false
      }
    },
    "Drop_DE_ES": {
      "V0": {
        "n": 1225,
        "hit": 0.5485714285714286,
        "yield": 0.0402204081632653,
        "ci_low": -0.01350204081632653,
        "ci_high": 0.09934693877551021,
        "significant_95": false
      },
      "V12": {
        "n": 1225,
        "hit": 0.5461224489795918,
        "yield": 0.06132244897959184,
        "ci_low": -0.006163265306122447,
        "ci_high": 0.12333061224489797,
        "significant_95": false
      },
      "H4": {
        "n": 1225,
        "hit": 0.5485714285714286,
        "yield": 0.05695510204081632,
        "ci_low": 0.00011428571428571312,
        "ci_high": 0.12074285714285714,
        "significant_95": true
      }
    },
    "Top4_TUR_ITA_FRA_ENG": {
      "V0": {
        "n": 1225,
        "hit": 0.5485714285714286,
        "yield": 0.0402204081632653,
        "ci_low": -0.01350204081632653,
        "ci_high": 0.09934693877551021,
        "significant_95": false
      },
      "V12": {
        "n": 1225,
        "hit": 0.5461224489795918,
        "yield": 0.06132244897959184,
        "ci_low": -0.006163265306122447,
        "ci_high": 0.12333061224489797,
        "significant_95": false
      },
      "H4": {
        "n": 1225,
        "hit": 0.5485714285714286,
        "yield": 0.05695510204081632,
        "ci_low": 0.00011428571428571312,
        "ci_high": 0.12074285714285714,
        "significant_95": true
      }
    },
    "Solo_TUR_ITA": {
      "V0": {
        "n": 577,
        "hit": 0.5649913344887348,
        "yield": 0.06490467937608319,
        "ci_low": -0.02032928942807626,
        "ci_high": 0.15152512998266895,
        "significant_95": false
      },
      "V12": {
        "n": 577,
        "hit": 0.561525129982669,
        "yield": 0.08055459272097053,
        "ci_low": -0.005597920277296358,
        "ci_high": 0.1745060658578856,
        "significant_95": false
      },
      "H4": {
        "n": 577,
        "hit": 0.5719237435008665,
        "yield": 0.08831889081455806,
        "ci_low": 0.004263431542461002,
        "ci_high": 0.17535528596187175,
        "significant_95": true
      }
    },
    "Solo_TUR": {
      "V0": {
        "n": 271,
        "hit": 0.5867158671586716,
        "yield": 0.09498154981549815,
        "ci_low": -0.025166051660516612,
        "ci_high": 0.22313653136531364,
        "significant_95": false
      },
      "V12": {
        "n": 271,
        "hit": 0.5940959409594095,
        "yield": 0.116309963099631,
        "ci_low": 0.002619926199261991,
        "ci_high": 0.24169741697416974,
        "significant_95": true
      },
      "H4": {
        "n": 271,
        "hit": 0.5867158671586716,
        "yield": 0.09498154981549815,
        "ci_low": -0.025166051660516612,
        "ci_high": 0.22313653136531364,
        "significant_95": false
      }
    }
  }
}