{
  "fecha": "2026-04-26",
  "bead": "adepor-617",
  "fase": "F2_audit_post_extendido",
  "n_test_preds": 1806,
  "sweep_h4": {
    "0.2": {
      "n_x_picks": 42,
      "hit": 0.5254706533776301,
      "yield": 0.00928017718715393,
      "ci_low": -0.0424031007751938,
      "ci_high": 0.05840531561461793,
      "delta_vs_v0": 0.012004429678848284
    },
    "0.225": {
      "n_x_picks": 42,
      "hit": 0.5254706533776301,
      "yield": 0.00928017718715393,
      "ci_low": -0.0424031007751938,
      "ci_high": 0.05840531561461793,
      "delta_vs_v0": 0.012004429678848284
    },
    "0.25": {
      "n_x_picks": 42,
      "hit": 0.5254706533776301,
      "yield": 0.00928017718715393,
      "ci_low": -0.0424031007751938,
      "ci_high": 0.05840531561461793,
      "delta_vs_v0": 0.012004429678848284
    },
    "0.275": {
      "n_x_picks": 42,
      "hit": 0.5254706533776301,
      "yield": 0.00928017718715393,
      "ci_low": -0.0424031007751938,
      "ci_high": 0.05840531561461793,
      "delta_vs_v0": 0.012004429678848284
    },
    "0.3": {
      "n_x_picks": 42,
      "hit": 0.5254706533776301,
      "yield": 0.00928017718715393,
      "ci_low": -0.0424031007751938,
      "ci_high": 0.05840531561461793,
      "delta_vs_v0": 0.012004429678848284
    },
    "0.325": {
      "n_x_picks": 42,
      "hit": 0.5254706533776301,
      "yield": 0.00928017718715393,
      "ci_low": -0.0424031007751938,
      "ci_high": 0.05840531561461793,
      "delta_vs_v0": 0.012004429678848284
    },
    "0.35": {
      "n_x_picks": 38,
      "hit": 0.526578073089701,
      "yield": 0.011295681063122922,
      "ci_low": -0.0397452934662237,
      "ci_high": 0.06030454042081949,
      "delta_vs_v0": 0.014019933554817276
    },
    "0.4": {
      "n_x_picks": 16,
      "hit": 0.5243632336655593,
      "yield": 0.002574750830564782,
      "ci_low": -0.04862679955703212,
      "ci_high": 0.05173864894795127,
      "delta_vs_v0": 0.005299003322259136
    }
  },
  "best_h4_threshold": 0.35,
  "per_liga": {
    "Alemania": {
      "V0": {
        "n": 239,
        "hit": 0.4686192468619247,
        "yield": -0.09623430962343098,
        "ci_low": -0.22753138075313808,
        "ci_high": 0.0418410041841004,
        "significant_95": false
      },
      "V12": {
        "n": 239,
        "hit": 0.4769874476987448,
        "yield": -0.08472803347280336,
        "ci_low": -0.21225941422594144,
        "ci_high": 0.05589958158995814,
        "significant_95": false
      },
      "H4": {
        "n": 239,
        "hit": 0.4769874476987448,
        "yield": -0.06451882845188285,
        "ci_low": -0.19648535564853556,
        "ci_high": 0.0824267782426778,
        "significant_95": false
      }
    },
    "Espana": {
      "V0": {
        "n": 342,
        "hit": 0.4853801169590643,
        "yield": -0.09119883040935672,
        "ci_low": -0.19769005847953217,
        "ci_high": 0.015526315789473683,
        "significant_95": false
      },
      "V12": {
        "n": 342,
        "hit": 0.49707602339181284,
        "yield": -0.06982456140350876,
        "ci_low": -0.18154970760233918,
        "ci_high": 0.04418128654970762,
        "significant_95": false
      },
      "H4": {
        "n": 342,
        "hit": 0.4824561403508772,
        "yield": -0.09926900584795323,
        "ci_low": -0.20400584795321636,
        "ci_high": 0.008654970760233922,
        "significant_95": false
      }
    },
    "Francia": {
      "V0": {
        "n": 306,
        "hit": 0.5490196078431373,
        "yield": 0.0484640522875817,
        "ci_low": -0.07813725490196079,
        "ci_high": 0.1692156862745098,
        "significant_95": false
      },
      "V12": {
        "n": 306,
        "hit": 0.5522875816993464,
        "yield": 0.07705882352941178,
        "ci_low": -0.05395424836601306,
        "ci_high": 0.20709150326797388,
        "significant_95": false
      },
      "H4": {
        "n": 306,
        "hit": 0.5490196078431373,
        "yield": 0.0484640522875817,
        "ci_low": -0.07813725490196079,
        "ci_high": 0.1692156862745098,
        "significant_95": false
      }
    },
    "Inglaterra": {
      "V0": {
        "n": 342,
        "hit": 0.52046783625731,
        "yield": -0.008801169590643275,
        "ci_low": -0.11795321637426899,
        "ci_high": 0.10605263157894736,
        "significant_95": false
      },
      "V12": {
        "n": 342,
        "hit": 0.5146198830409356,
        "yield": 0.0147953216374269,
        "ci_low": -0.09973684210526315,
        "ci_high": 0.14222222222222222,
        "significant_95": false
      },
      "H4": {
        "n": 342,
        "hit": 0.5087719298245614,
        "yield": 0.011637426900584795,
        "ci_low": -0.11064327485380115,
        "ci_high": 0.14318713450292397,
        "significant_95": false
      }
    },
    "Italia": {
      "V0": {
        "n": 306,
        "hit": 0.545751633986928,
        "yield": 0.03826797385620915,
        "ci_low": -0.07751633986928104,
        "ci_high": 0.15401960784313726,
        "significant_95": false
      },
      "V12": {
        "n": 306,
        "hit": 0.5326797385620915,
        "yield": 0.04888888888888889,
        "ci_low": -0.07424836601307189,
        "ci_high": 0.16947712418300653,
        "significant_95": false
      },
      "H4": {
        "n": 306,
        "hit": 0.5588235294117647,
        "yield": 0.08241830065359476,
        "ci_low": -0.04290849673202614,
        "ci_high": 0.20254901960784316,
        "significant_95": false
      }
    },
    "Turquia": {
      "V0": {
        "n": 271,
        "hit": 0.5867158671586716,
        "yield": 0.09498154981549815,
        "ci_low": -0.025166051660516612,
        "ci_high": 0.22313653136531364,
        "significant_95": false
      },
      "V12": {
        "n": 271,
        "hit": 0.5940959409594095,
        "yield": 0.116309963099631,
        "ci_low": 0.002619926199261991,
        "ci_high": 0.24169741697416974,
        "significant_95": true
      },
      "H4": {
        "n": 271,
        "hit": 0.5867158671586716,
        "yield": 0.09498154981549815,
        "ci_low": -0.025166051660516612,
        "ci_high": 0.22313653136531364,
        "significant_95": false
      }
    }
  }
}