{
  "PAIS_TIPO_AÑO": {
    "Inglaterra|LIGA|2022": {
      "n": 350,
      "hit_rate": 0.5228571428571429,
      "brier_avg": 0.2192786384055812
    },
    "Espana|LIGA|2022": {
      "n": 335,
      "hit_rate": 0.4597014925373134,
      "brier_avg": 0.24123591132528868
    },
    "Italia|LIGA|2022": {
      "n": 329,
      "hit_rate": 0.46504559270516715,
      "brier_avg": 0.24096912466487996
    },
    "Francia|LIGA|2022": {
      "n": 337,
      "hit_rate": 0.49554896142433236,
      "brier_avg": 0.23183151455283205
    },
    "Alemania|LIGA|2022": {
      "n": 279,
      "hit_rate": 0.4838709677419355,
      "brier_avg": 0.2281692557443302
    },
    "Turquia|LIGA|2022": {
      "n": 318,
      "hit_rate": 0.4559748427672956,
      "brier_avg": 0.239232441482073
    },
    "Colombia|LIGA|2022": {
      "n": 149,
      "hit_rate": 0.4899328859060403,
      "brier_avg": 0.24434509296005322
    },
    "Internacional|COPA_INT|2022": {
      "n": 398,
      "hit_rate": 0.5175879396984925,
      "brier_avg": 0.22476600086288473
    },
    "Chile|LIGA|2022": {
      "n": 200,
      "hit_rate": 0.465,
      "brier_avg": 0.24656127335995387
    },
    "Bolivia|LIGA|2022": {
      "n": 88,
      "hit_rate": 0.5113636363636364,
      "brier_avg": 0.23390972234439839
    },
    "Peru|LIGA|2022": {
      "n": 121,
      "hit_rate": 0.47107438016528924,
      "brier_avg": 0.23343339286906695
    },
    "Uruguay|LIGA|2022": {
      "n": 80,
      "hit_rate": 0.4625,
      "brier_avg": 0.2549819611148676
    },
    "Venezuela|LIGA|2022": {
      "n": 202,
      "hit_rate": 0.38613861386138615,
      "brier_avg": 0.28536909456174014
    },
    "Ecuador|LIGA|2022": {
      "n": 80,
      "hit_rate": 0.475,
      "brier_avg": 0.24562983870884705
    },
    "Brasil|LIGA|2022": {
      "n": 351,
      "hit_rate": 0.452991452991453,
      "brier_avg": 0.2499970864100233
    },
    "Brasil|COPA_NAC|2022": {
      "n": 32,
      "hit_rate": 0.53125,
      "brier_avg": 0.24022669364476926
    },
    "Argentina|LIGA|2022": {
      "n": 325,
      "hit_rate": 0.4430769230769231,
      "brier_avg": 0.2615215901374785
    },
    "Argentina|COPA_NAC|2022": {
      "n": 15,
      "hit_rate": 0.2,
      "brier_avg": 0.3074730634402766
    },
    "Inglaterra|COPA_NAC|2022": {
      "n": 11,
      "hit_rate": 0.9090909090909091,
      "brier_avg": 0.11476129183025117
    },
    "Italia|COPA_NAC|2022": {
      "n": 2,
      "hit_rate": 0.5,
      "brier_avg": 0.22795123815385193
    },
    "Alemania|COPA_NAC|2022": {
      "n": 1,
      "hit_rate": 1.0,
      "brier_avg": 0.052282198466181214
    },
    "Turquia|COPA_NAC|2022": {
      "n": 1,
      "hit_rate": 1.0,
      "brier_avg": 0.009109135869069971
    },
    "Inglaterra|LIGA|2023": {
      "n": 412,
      "hit_rate": 0.5388349514563107,
      "brier_avg": 0.2157048894123298
    },
    "Francia|LIGA|2023": {
      "n": 369,
      "hit_rate": 0.4796747967479675,
      "brier_avg": 0.23944501644427965
    },
    "Turquia|LIGA|2023": {
      "n": 363,
      "hit_rate": 0.5674931129476584,
      "brier_avg": 0.20939197510140872
    },
    "Espana|COPA_NAC|2023": {
      "n": 17,
      "hit_rate": 0.5882352941176471,
      "brier_avg": 0.17724481324619135
    },
    "Italia|LIGA|2023": {
      "n": 407,
      "hit_rate": 0.5257985257985258,
      "brier_avg": 0.23792911257201957
    },
    "Espana|LIGA|2023": {
      "n": 407,
      "hit_rate": 0.5233415233415234,
      "brier_avg": 0.22996433864534127
    },
    "Inglaterra|COPA_NAC|2023": {
      "n": 206,
      "hit_rate": 0.49029126213592233,
      "brier_avg": 0.2258889413508562
    },
    "Francia|COPA_NAC|2023": {
      "n": 18,
      "hit_rate": 0.3888888888888889,
      "brier_avg": 0.2698496578399864
    },
    "Italia|COPA_NAC|2023": {
      "n": 26,
      "hit_rate": 0.5,
      "brier_avg": 0.2482201295078248
    },
    "Turquia|COPA_NAC|2023": {
      "n": 14,
      "hit_rate": 0.5714285714285714,
      "brier_avg": 0.21884433061076636
    },
    "Chile|LIGA|2023": {
      "n": 230,
      "hit_rate": 0.41304347826086957,
      "brier_avg": 0.2582444762120437
    },
    "Alemania|LIGA|2023": {
      "n": 304,
      "hit_rate": 0.5164473684210527,
      "brier_avg": 0.2276663046138145
    },
    "Colombia|LIGA|2023": {
      "n": 190,
      "hit_rate": 0.4631578947368421,
      "brier_avg": 0.26979186574683484
    },
    "Argentina|LIGA|2023": {
      "n": 371,
      "hit_rate": 0.4393530997304582,
      "brier_avg": 0.2638193494009249
    },
    "Venezuela|LIGA|2023": {
      "n": 197,
      "hit_rate": 0.4619289340101523,
      "brier_avg": 0.2547361925911827
    },
    "Bolivia|LIGA|2023": {
      "n": 352,
      "hit_rate": 0.5,
      "brier_avg": 0.23155811223331343
    },
    "Peru|LIGA|2023": {
      "n": 157,
      "hit_rate": 0.5477707006369427,
      "brier_avg": 0.22438778256736575
    },
    "Uruguay|LIGA|2023": {
      "n": 105,
      "hit_rate": 0.4,
      "brier_avg": 0.28093588769358013
    },
    "Internacional|COPA_INT|2023": {
      "n": 829,
      "hit_rate": 0.5307599517490953,
      "brier_avg": 0.2144120266230561
    },
    "Ecuador|LIGA|2023": {
      "n": 114,
      "hit_rate": 0.6228070175438597,
      "brier_avg": 0.20407701949264948
    },
    "Brasil|COPA_NAC|2023": {
      "n": 35,
      "hit_rate": 0.6,
      "brier_avg": 0.22236957713366354
    },
    "Alemania|COPA_NAC|2023": {
      "n": 8,
      "hit_rate": 0.75,
      "brier_avg": 0.15484789117553052
    },
    "Brasil|LIGA|2023": {
      "n": 378,
      "hit_rate": 0.47883597883597884,
      "brier_avg": 0.24463053599929177
    },
    "Argentina|COPA_NAC|2023": {
      "n": 16,
      "hit_rate": 0.3125,
      "brier_avg": 0.30371327954825195
    },
    "Inglaterra|LIGA|2024": {
      "n": 367,
      "hit_rate": 0.5422343324250681,
      "brier_avg": 0.22729790758676718
    },
    "Espana|LIGA|2024": {
      "n": 379,
      "hit_rate": 0.5356200527704486,
      "brier_avg": 0.22859473386794532
    },
    "Italia|COPA_NAC|2024": {
      "n": 27,
      "hit_rate": 0.7407407407407407,
      "brier_avg": 0.1586158174447992
    },
    "Inglaterra|COPA_NAC|2024": {
      "n": 535,
      "hit_rate": 0.45607476635514016,
      "brier_avg": 0.2303329330656788
    },
    "Italia|LIGA|2024": {
      "n": 376,
      "hit_rate": 0.48936170212765956,
      "brier_avg": 0.24441130980250295
    },
    "Turquia|LIGA|2024": {
      "n": 357,
      "hit_rate": 0.5182072829131653,
      "brier_avg": 0.23109178592571053
    },
    "Francia|COPA_NAC|2024": {
      "n": 42,
      "hit_rate": 0.38095238095238093,
      "brier_avg": 0.2538994974274368
    },
    "Espana|COPA_NAC|2024": {
      "n": 27,
      "hit_rate": 0.2962962962962963,
      "brier_avg": 0.2495652731514047
    },
    "Francia|LIGA|2024": {
      "n": 289,
      "hit_rate": 0.5121107266435986,
      "brier_avg": 0.22914706390241096
    },
    "Alemania|LIGA|2024": {
      "n": 297,
      "hit_rate": 0.5016835016835017,
      "brier_avg": 0.23458379669484936
    },
    "Turquia|COPA_NAC|2024": {
      "n": 40,
      "hit_rate": 0.5,
      "brier_avg": 0.19173499116617615
    },
    "Colombia|LIGA|2024": {
      "n": 185,
      "hit_rate": 0.44324324324324327,
      "brier_avg": 0.252452261575651
    },
    "Peru|LIGA|2024": {
      "n": 144,
      "hit_rate": 0.5833333333333334,
      "brier_avg": 0.2209641378599116
    },
    "Alemania|COPA_NAC|2024": {
      "n": 20,
      "hit_rate": 0.7,
      "brier_avg": 0.1602621894145239
    },
    "Venezuela|LIGA|2024": {
      "n": 91,
      "hit_rate": 0.3956043956043956,
      "brier_avg": 0.2717025109829092
    },
    "Internacional|COPA_INT|2024": {
      "n": 975,
      "hit_rate": 0.5261538461538462,
      "brier_avg": 0.22689975577432403
    },
    "Uruguay|LIGA|2024": {
      "n": 108,
      "hit_rate": 0.37962962962962965,
      "brier_avg": 0.27498868694688483
    },
    "Bolivia|LIGA|2024": {
      "n": 54,
      "hit_rate": 0.5925925925925926,