{
  "PAIS_TIPO_AÑO": {
    "Inglaterra|LIGA|2022": {
      "n": 348,
      "hit_rate": 0.5229885057471264,
      "brier_avg": 0.21899061382406956
    },
    "Espana|LIGA|2022": {
      "n": 335,
      "hit_rate": 0.45671641791044776,
      "brier_avg": 0.24134903894286
    },
    "Italia|LIGA|2022": {
      "n": 329,
      "hit_rate": 0.46200607902735563,
      "brier_avg": 0.24114492742152352
    },
    "Francia|LIGA|2022": {
      "n": 337,
      "hit_rate": 0.49554896142433236,
      "brier_avg": 0.23199251032224164
    },
    "Alemania|LIGA|2022": {
      "n": 279,
      "hit_rate": 0.4838709677419355,
      "brier_avg": 0.22815355985238103
    },
    "Turquia|LIGA|2022": {
      "n": 318,
      "hit_rate": 0.4559748427672956,
      "brier_avg": 0.2392324396910962
    },
    "Colombia|LIGA|2022": {
      "n": 149,
      "hit_rate": 0.4899328859060403,
      "brier_avg": 0.2443450902548216
    },
    "Internacional|COPA_INT|2022": {
      "n": 380,
      "hit_rate": 0.5210526315789473,
      "brier_avg": 0.22246621730972657
    },
    "Chile|LIGA|2022": {
      "n": 200,
      "hit_rate": 0.465,
      "brier_avg": 0.24656127753087045
    },
    "Bolivia|LIGA|2022": {
      "n": 88,
      "hit_rate": 0.5113636363636364,
      "brier_avg": 0.23391203985745698
    },
    "Peru|LIGA|2022": {
      "n": 121,
      "hit_rate": 0.47107438016528924,
      "brier_avg": 0.23343339569281707
    },
    "Uruguay|LIGA|2022": {
      "n": 80,
      "hit_rate": 0.4625,
      "brier_avg": 0.254981961058494
    },
    "Venezuela|LIGA|2022": {
      "n": 202,
      "hit_rate": 0.38613861386138615,
      "brier_avg": 0.28542153458125946
    },
    "Ecuador|LIGA|2022": {
      "n": 80,
      "hit_rate": 0.475,
      "brier_avg": 0.24562752208949376
    },
    "Brasil|LIGA|2022": {
      "n": 351,
      "hit_rate": 0.45014245014245013,
      "brier_avg": 0.2500178158849554
    },
    "Brasil|COPA_NAC|2022": {
      "n": 32,
      "hit_rate": 0.53125,
      "brier_avg": 0.24023206947444753
    },
    "Argentina|LIGA|2022": {
      "n": 325,
      "hit_rate": 0.4430769230769231,
      "brier_avg": 0.2615218140440072
    },
    "Argentina|COPA_NAC|2022": {
      "n": 15,
      "hit_rate": 0.2,
      "brier_avg": 0.30747303210451365
    },
    "Inglaterra|COPA_NAC|2022": {
      "n": 10,
      "hit_rate": 0.8,
      "brier_avg": 0.13804194322634583
    },
    "Italia|COPA_NAC|2022": {
      "n": 2,
      "hit_rate": 0.5,
      "brier_avg": 0.2282662002967582
    },
    "Alemania|COPA_NAC|2022": {
      "n": 1,
      "hit_rate": 1.0,
      "brier_avg": 0.05761570907289563
    },
    "Turquia|COPA_NAC|2022": {
      "n": 1,
      "hit_rate": 1.0,
      "brier_avg": 0.00910919044279157
    },
    "Inglaterra|LIGA|2023": {
      "n": 412,
      "hit_rate": 0.5412621359223301,
      "brier_avg": 0.21519611567597569
    },
    "Francia|LIGA|2023": {
      "n": 369,
      "hit_rate": 0.48509485094850946,
      "brier_avg": 0.2389416411674153
    },
    "Turquia|LIGA|2023": {
      "n": 363,
      "hit_rate": 0.5674931129476584,
      "brier_avg": 0.20939817588533283
    },
    "Espana|COPA_NAC|2023": {
      "n": 17,
      "hit_rate": 0.5882352941176471,
      "brier_avg": 0.18096652699603488
    },
    "Italia|LIGA|2023": {
      "n": 407,
      "hit_rate": 0.5135135135135135,
      "brier_avg": 0.238851920000312
    },
    "Espana|LIGA|2023": {
      "n": 407,
      "hit_rate": 0.5208845208845209,
      "brier_avg": 0.23008496155749336
    },
    "Inglaterra|COPA_NAC|2023": {
      "n": 205,
      "hit_rate": 0.4926829268292683,
      "brier_avg": 0.2256699359713112
    },
    "Francia|COPA_NAC|2023": {
      "n": 18,
      "hit_rate": 0.4444444444444444,
      "brier_avg": 0.2621245438954688
    },
    "Italia|COPA_NAC|2023": {
      "n": 26,
      "hit_rate": 0.5,
      "brier_avg": 0.2517561367510393
    },
    "Turquia|COPA_NAC|2023": {
      "n": 14,
      "hit_rate": 0.5714285714285714,
      "brier_avg": 0.21886242848866533
    },
    "Chile|LIGA|2023": {
      "n": 230,
      "hit_rate": 0.41304347826086957,
      "brier_avg": 0.2582416790750581
    },
    "Alemania|LIGA|2023": {
      "n": 304,
      "hit_rate": 0.5164473684210527,
      "brier_avg": 0.22749579616714202
    },
    "Colombia|LIGA|2023": {
      "n": 190,
      "hit_rate": 0.4631578947368421,
      "brier_avg": 0.2698011620163277
    },
    "Argentina|LIGA|2023": {
      "n": 371,
      "hit_rate": 0.4393530997304582,
      "brier_avg": 0.26381872282067687
    },
    "Venezuela|LIGA|2023": {
      "n": 197,
      "hit_rate": 0.4720812182741117,
      "brier_avg": 0.253058788171067
    },
    "Bolivia|LIGA|2023": {
      "n": 352,
      "hit_rate": 0.5,
      "brier_avg": 0.2315555334964348
    },
    "Peru|LIGA|2023": {
      "n": 157,
      "hit_rate": 0.5477707006369427,
      "brier_avg": 0.2243911252863873
    },
    "Uruguay|LIGA|2023": {
      "n": 105,
      "hit_rate": 0.4,
      "brier_avg": 0.2809212002773668
    },
    "Internacional|COPA_INT|2023": {
      "n": 827,
      "hit_rate": 0.5308343409915357,
      "brier_avg": 0.21568367784227122
    },
    "Ecuador|LIGA|2023": {
      "n": 114,
      "hit_rate": 0.6140350877192983,
      "brier_avg": 0.20424665249071536
    },
    "Brasil|COPA_NAC|2023": {
      "n": 35,
      "hit_rate": 0.6,
      "brier_avg": 0.22230124570117193
    },
    "Alemania|COPA_NAC|2023": {
      "n": 8,
      "hit_rate": 0.75,
      "brier_avg": 0.15319567627497035
    },
    "Brasil|LIGA|2023": {
      "n": 378,
      "hit_rate": 0.47619047619047616,
      "brier_avg": 0.2446744505645807
    },
    "Argentina|COPA_NAC|2023": {
      "n": 16,
      "hit_rate": 0.3125,
      "brier_avg": 0.3037445471262427
    },
    "Inglaterra|LIGA|2024": {
      "n": 367,
      "hit_rate": 0.5449591280653951,
      "brier_avg": 0.22796129378191093
    },
    "Espana|LIGA|2024": {
      "n": 379,
      "hit_rate": 0.5303430079155673,
      "brier_avg": 0.2290774630754845
    },
    "Italia|COPA_NAC|2024": {
      "n": 27,
      "hit_rate": 0.7407407407407407,
      "brier_avg": 0.15950437552345154
    },
    "Inglaterra|COPA_NAC|2024": {
      "n": 534,
      "hit_rate": 0.45692883895131087,
      "brier_avg": 0.23043752606887608
    },
    "Italia|LIGA|2024": {
      "n": 376,
      "hit_rate": 0.4867021276595745,
      "brier_avg": 0.2447073984452709
    },
    "Turquia|LIGA|2024": {
      "n": 357,
      "hit_rate": 0.5182072829131653,
      "brier_avg": 0.2311226266092937
    },
    "Francia|COPA_NAC|2024": {
      "n": 42,
      "hit_rate": 0.35714285714285715,
      "brier_avg": 0.2601405053523167
    },
    "Espana|COPA_NAC|2024": {
      "n": 27,
      "hit_rate": 0.2962962962962963,
      "brier_avg": 0.2495784948258305
    },
    "Francia|LIGA|2024": {
      "n": 289,
      "hit_rate": 0.5190311418685121,
      "brier_avg": 0.22904606825016677
    },
    "Alemania|LIGA|2024": {
      "n": 292,
      "hit_rate": 0.5,
      "brier_avg": 0.23323461129933115
    },
    "Turquia|COPA_NAC|2024": {
      "n": 40,
      "hit_rate": 0.5,
      "brier_avg": 0.1917673825787211
    },
    "Colombia|LIGA|2024": {
      "n": 185,
      "hit_rate": 0.44324324324324327,
      "brier_avg": 0.25245469457631653
    },
    "Peru|LIGA|2024": {
      "n": 144,
      "hit_rate": 0.5833333333333334,
      "brier_avg": 0.2209753207452535
    },
    "Alemania|COPA_NAC|2024": {
      "n": 20,
      "hit_rate": 0.75,
      "brier_avg": 0.15966308768583928
    },
    "Venezuela|LIGA|2024": {
      "n": 91,
      "hit_rate": 0.37362637362637363,
      "brier_avg": 0.27309881175617456
    },
    "Internacional|COPA_INT|2024": {
      "n": 974,
      "hit_rate": 0.5318275154004107,
      "brier_avg": 0.2263278396974911
    },
    "Uruguay|LIGA|2024": {
      "n": 108,
      "hit_rate": 0.37962962962962965,
      "brier_avg": 0.2739817421518559
    },
    "Bolivia|LIGA|2024": {
      "n": 54,
      "hit_rate": 0.5925925925925926,
      "brier_avg": 0.2060029487569302
    },