{
  "n_total": 5478,
  "categorias": {
    "GLOBAL": {
      "n": 5478,
      "hit_rate": 0.49525374224169405,
      "brier_avg": 0.23597221879285185
    },
    "copa_internacional": {
      "n": 974,
      "hit_rate": 0.5318275154004107,
      "brier_avg": 0.2263278396974911
    },
    "copa_nacional": {
      "n": 766,
      "hit_rate": 0.4660574412532637,
      "brier_avg": 0.22810418866265592
    },
    "liga": {
      "n": 3738,
      "hit_rate": 0.4917067950775816,
      "brier_avg": 0.2400975629123306
    }
  }
}