{
  "feature_names": [
    "delta_elo",
    "d_copa_int",
    "d_copa_nac",
    "log1p(n_l+n_v)"
  ],
  "classes": [
    "LOCAL",
    "DRAW",
    "VISITA"
  ],
  "coefs": [
    [
      0.29537818690793904,
      0.013504824499163182,
      -0.013504824499163182,
      -0.00019441153680163864
    ],
    [
      -0.023111243420874904,
      0.04408294854981155,
      -0.04408294854981155,
      0.039167011431760955
    ],
    [
      -0.2722669434870662,
      -0.05758777304897324,
      0.05758777304897324,
      -0.038972599894958986
    ]
  ],
  "intercepts": [
    0.40381538171917375,
    -0.43730200952076664,
    0.03348662780161466
  ],
  "scaler_mean": [
    100.29767102781517,
    0.4442495981294754,
    0.5557504018705246,
    3.089629292584646
  ],
  "scaler_scale": [
    77.51028594495735,
    0.4968821718388491,
    0.4968821718388491,
    1.237506533590782
  ],
  "metadata": {
    "version": "v2_no_xg",
    "n_train": 6843,
    "n_test": 1812,
    "hit_train": 0.491,
    "hit_test": 0.5419,
    "brier_train": 0.3043,
    "brier_test": 0.2918,
    "brier_test_elo_solo": 0.3542,
    "C": 1.0,
    "scaling": "StandardScaler (mean=0, sd=1)",
    "min_n_acum": 1,
    "fecha_calibrado": "2026-04-29",
    "ref_papers": [
      "docs/papers/v14_feature_scaling.md",
      "docs/papers/v14_train_coverage.md"
    ],
    "comparado_v1": {
      "v1_n_train": 881,
      "v1_brier_test": 0.3014,
      "v2_delta_brier": -0.0096
    }
  }
}