{
  "feature_names": [
    "xg_l",
    "xg_v",
    "delta_xg",
    "delta_elo",
    "d_copa_int",
    "d_copa_nac",
    "log1p(n_l+n_v)"
  ],
  "classes": [
    "LOCAL",
    "DRAW",
    "VISITA"
  ],
  "coefs": [
    [
      0.06858627782110814,
      0.12731761243994608,
      -0.0587313346194745,
      0.00324873957055907,
      0.016956413719219413,
      -0.007968594148942658,
      0.07984286837949231
    ],
    [
      -0.1250513068787603,
      -0.13093758438184813,
      0.005886277503722114,
      0.00046735551716123606,
      0.0816753380208095,
      -0.08686249823430228,
      0.00038969554766858346
    ],
    [
      0.05646502905711743,
      0.0036199719411592313,
      0.05284505711595673,
      -0.003716095085360446,
      -0.09863175174145881,
      0.09483109238405192,
      -0.08023256392545319
    ]
  ],
  "intercepts": [
    -0.532090137693127,
    0.06863391125563313,
    0.4634562264415999
  ],
  "metadata": {
    "n_train": 881,
    "n_test": 152,
    "hit_train": 0.504,
    "hit_test": 0.5461,
    "brier_train": 0.2998,
    "brier_test": 0.2925,
    "brier_test_elo_solo": 0.3329,
    "brier_test_xg_solo": 0.3588,
    "C": 1.0,
    "fecha_calibrado": "2026-04-28"
  }
}