{
  "feature_names": [
    "xg_l",
    "xg_v",
    "delta_xg",
    "delta_elo",
    "d_copa_int",
    "d_copa_nac",
    "log1p(n_l+n_v)"
  ],
  "classes": [
    "LOCAL",
    "DRAW",
    "VISITA"
  ],
  "coefs": [
    [
      0.01931226470709094,
      0.04969809676478261,
      -0.0199988926384131,
      0.37287947038380803,
      0.00621963124393428,
      -0.00621963124393428,
      0.055757198207611894
    ],
    [
      -0.04448159997512837,
      -0.047793621384178385,
      0.000499047625835324,
      0.0530207171198221,
      0.04103265932173829,
      -0.04103265932173829,
      0.0007939196656397005
    ],
    [
      0.025169335268037565,
      -0.0019044753806041282,
      0.01949984501257764,
      -0.42590018750362985,
      -0.047252290565672116,
      0.047252290565672116,
      -0.056551117873251545
    ]
  ],
  "intercepts": [
    0.43486576089256485,
    -0.2040787720227313,
    -0.23078698886983273
  ],
  "scaler_mean": [
    1.4538692250933112,
    1.219680860309129,
    0.23418836478418412,
    104.3736586801566,
    0.6174801362088536,
    0.38251986379114644,
    4.750936769635895
  ],
  "scaler_scale": [
    0.3557574954704472,
    0.33624172925439194,
    0.49203179649487133,
    115.27906331800781,
    0.48600248723268175,
    0.48600248723268175,
    0.6975646590894088
  ],
  "metadata": {
    "n_train": 881,
    "n_test": 501,
    "hit_train": 0.504,
    "hit_test": 0.511,
    "brier_train": 0.2998,
    "brier_test": 0.3014,
    "brier_test_elo_solo": 0.3629,
    "brier_test_xg_solo": 0.3914,
    "C": 1.0,
    "scaling": "StandardScaler (mean=0, sd=1)",
    "fecha_calibrado": "2026-04-29",
    "ref_paper": "docs/papers/v14_feature_scaling.md"
  }
}