{
  "Alemania": {
    "n_obs": 2446,
    "n_partidos": 1223,
    "beta_sot": 0.34412728414967764,
    "beta_shots_off": -0.030050021779039468,
    "coef_corner": -0.06792918021725315,
    "intercept": 0.5146843310365461,
    "r2": 0.3901786204974672,
    "rmse": 1.0593766171891215,
    "avg_goles": 1.580948487326247,
    "avg_sot": 4.776778413736713,
    "avg_shots_off": 8.221177432542927,
    "avg_corners": 4.865494685200327
  },
  "Argentina": {
    "n_obs": 2226,
    "n_partidos": 1113,
    "beta_sot": 0.2733149547309144,
    "beta_shots_off": -0.03153429670394933,
    "coef_corner": -0.052470639957203975,
    "intercept": 0.4768338641653579,
    "r2": 0.32270524118976507,
    "rmse": 0.8548073809274559,
    "avg_goles": 1.04492362982929,
    "avg_sot": 3.9258760107816713,
    "avg_shots_off": 8.263701707097933,
    "avg_corners": 4.65633423180593
  },
  "Brasil": {
    "n_obs": 2194,
    "n_partidos": 1097,
    "beta_sot": 0.2670268757388716,
    "beta_shots_off": -0.02950939968860445,
    "coef_corner": -0.047775292484093214,
    "intercept": 0.5371564968869122,
    "r2": 0.3036629851153201,
    "rmse": 0.9072742820660492,
    "avg_goles": 1.2192342752962626,
    "avg_sot": 4.499088422971741,
    "avg_shots_off": 9.011394712853235,
    "avg_corners": 5.30355515041021
  },
  "Chile": {
    "n_obs": 1438,
    "n_partidos": 719,
    "beta_sot": 0.2896488979786288,
    "beta_shots_off": -0.028108698213363675,
    "coef_corner": -0.03845575942571986,
    "intercept": 0.482343254121195,
    "r2": 0.3072171261779545,
    "rmse": 0.9602580685632117,
    "avg_goles": 1.342837273991655,
    "avg_sot": 4.4603616133518775,
    "avg_shots_off": 8.716968011126564,
    "avg_corners": 4.847705146036161
  },
  "Colombia": {
    "n_obs": 1162,
    "n_partidos": 581,
    "beta_sot": 0.23756896567263075,
    "beta_shots_off": -0.0408012290963141,
    "coef_corner": -0.05136273092960699,
    "intercept": 0.7280307326966604,
    "r2": 0.24471206087513464,
    "rmse": 0.8730903702715144,
    "avg_goles": 1.1067125645438898,
    "avg_sot": 4.0524956970740105,
    "avg_shots_off": 8.451807228915662,
    "avg_corners": 4.657487091222031
  },
  "Espana": {
    "n_obs": 3040,
    "n_partidos": 1520,
    "beta_sot": 0.3188520937412404,
    "beta_shots_off": -0.026743060426274282,
    "coef_corner": -0.05904938668352044,
    "intercept": 0.4561902839275158,
    "r2": 0.3759369143929483,
    "rmse": 0.9350757012580502,
    "avg_goles": 1.2848684210526315,
    "avg_sot": 4.137828947368421,
    "avg_shots_off": 7.90328947368421,
    "avg_corners": 4.730263157894737
  },
  "Francia": {
    "n_obs": 2744,
    "n_partidos": 1372,
    "beta_sot": 0.3166086188950264,
    "beta_shots_off": -0.036465033845305576,
    "coef_corner": -0.050013054875745554,
    "intercept": 0.5141387805696802,
    "r2": 0.3562302649543464,
    "rmse": 0.9929050234157917,
    "avg_goles": 1.4107142857142858,
    "avg_sot": 4.480685131195335,
    "avg_shots_off": 7.837099125364431,
    "avg_corners": 4.724125364431487
  },
  "Inglaterra": {
    "n_obs": 3040,
    "n_partidos": 1520,
    "beta_sot": 0.3382340730111889,
    "beta_shots_off": -0.016703391815198785,
    "coef_corner": -0.04870123516192214,
    "intercept": 0.33356496939069696,
    "r2": 0.38960229562041704,
    "rmse": 1.0150467146232267,
    "avg_goles": 1.4855263157894736,
    "avg_sot": 4.574013157894737,
    "avg_shots_off": 8.470065789473685,
    "avg_corners": 5.208223684210527
  },
  "Italia": {
    "n_obs": 3040,
    "n_partidos": 1520,
    "beta_sot": 0.3038308423914794,
    "beta_shots_off": -0.013799007928823376,
    "coef_corner": -0.06123758644133228,
    "intercept": 0.4613944951938243,
    "r2": 0.32936806637811455,
    "rmse": 0.9573827777986802,
    "avg_goles": 1.325,
    "avg_sot": 4.180592105263158,
    "avg_shots_off": 8.427631578947368,
    "avg_corners": 4.74046052631579
  },
  "Turquia": {
    "n_obs": 2826,
    "n_partidos": 1413,
    "beta_sot": 0.3287753346400496,
    "beta_shots_off": -0.02515021525067065,
    "coef_corner": -0.0699999702703181,
    "intercept": 0.5036970777493013,
    "r2": 0.37624699152293317,
    "rmse": 0.9959112947668836,
    "avg_goles": 1.4440905874026893,
    "avg_sot": 4.502830856334041,
    "avg_shots_off": 8.102264685067233,
    "avg_corners": 4.8036093418259025
  },
  "__pool__": {
    "n_obs": 24164,
    "beta_sot": 0.31376187614622175,
    "beta_shots_off": -0.027151555706911558,
    "coef_corner": -0.054878227456458,
    "intercept": 0.4647586662864065,
    "r2": 0.3549558778016356,
    "rmse": 0.9718565091492226
  }
}