{
  "Inglaterra": {
    "fuente": "CSV",
    "n_partidos": 1852,
    "lambda_avg": 1.5950323974082072,
    "mu_avg": 1.3342332613390928,
    "rho_constrained": -0.02,
    "ll_constrained": -5502.53715938375,
    "rho_unconstrained": -0.02,
    "ll_unconstrained": -5502.53715938375,
    "delta_ll_at_zero": -0.2122738485213631,
    "delta_ll_at_minus_013": -6.68862772958073,
    "freq_empirica": {
      "0-0": 0.052915766738660906,
      "1-0": 0.08153347732181425,
      "0-1": 0.06803455723542116,
      "1-1": 0.10853131749460043
    },
    "freq_teorica_rho_0": {
      "0-0": 0.05343626419396926,
      "1-0": 0.08523257258584513,
      "0-1": 0.071296441049297,
      "1-1": 0.1137201332935331
    },
    "freq_teorica_rho_negativa": {
      "0-0": 0.06821988152212857,
      "1-0": 0.07044895525768582,
      "0-1": 0.056512823721137695,
      "1-1": 0.1285037506216924
    },
    "ll_curve": [
      [
        -0.3,
        -5549.276367577007
      ],
      [
        -0.295,
        -5547.458615641631
      ],
      [
        -0.29,
        -5545.687327091683
      ],
      [
        -0.285,
        -5543.9615053722255
      ],
      [
        -0.28,
        -5542.2802021547495
      ],
      [
        -0.275,
        -5540.642514338342
      ],
      [
        -0.27,
        -5539.047581317265
      ],
      [
        -0.265,
        -5537.494582485196
      ],
      [
        -0.26,
        -5535.982734949781
      ],
      [
        -0.255,
        -5534.511291435571
      ],
      [
        -0.25,
        -5533.079538355581
      ],
      [
        -0.245,
        -5531.6867940347865
      ],
      [
        -0.24,
        -5530.332407070626
      ],
      [
        -0.235,
        -5529.015754817566
      ],
      [
        -0.23,
        -5527.736241984205
      ],
      [
        -0.225,
        -5526.493299332817
      ],
      [
        -0.22,
        -5525.286382472369
      ],
      [
        -0.215,
        -5524.114970736871
      ],
      [
        -0.21,
        -5522.978566142155
      ],
      [
        -0.205,
        -5521.876692414509
      ],
      [
        -0.2,
        -5520.808894085455
      ],
      [
        -0.195,
        -5519.774735647764
      ],
      [
        -0.19,
        -5518.773800767649
      ],
      [
        -0.185,
        -5517.805691549524
      ],
      [
        -0.18,
        -5516.870027848996
      ],
      [
        -0.175,
        -5515.966446631175
      ],
      [
        -0.17,
        -5515.094601370859
      ],
      [
        -0.165,
        -5514.2541614919555
      ],
      [
        -0.16,
        -5513.444811843617
      ],
      [
        -0.155,
        -5512.666252210669
      ],
      [
        -0.15,
        -5511.918196856374
      ],
      [
        -0.145,
        -5511.200374095408
      ],
      [
        -0.14,
        -5510.512525895551
      ],
      [
        -0.135,
        -5509.854407506361
      ],
      [
        -0.13,
        -5509.225787113331
      ],
      [
        -0.125,
        -5508.626445516399
      ],
      [
        -0.12,
        -5508.05617583145
      ],
      [
        -0.115,
        -5507.514783213798
      ],
      [
        -0.11,
        -5507.002084602621
      ],
      [
        -0.105,
        -5506.5179084855445
      ],
      [
        -0.1,
        -5506.062094682451
      ],
      [
        -0.095,
        -5505.634494147889
      ],
      [
        -0.09,
        -5505.234968791312
      ],
      [
        -0.085,
        -5504.8633913148005
      ],
      [
        -0.08,
        -5504.519645067497
      ],
      [
        -0.075,
        -5504.203623916412
      ],
      [
        -0.07,
        -5503.9152321333795
      ],
      [
        -0.065,
        -5503.654384297518
      ],
      [
        -0.06,
        -5503.421005213235
      ],
      [
        -0.055,
        -5503.215029843365
      ],
      [
        -0.05,
        -5503.036403257418
      ],
      [
        -0.045,
        -5502.885080594695
      ],
      [
        -0.04,
        -5502.761027042415
      ],
      [
        -0.035,
        -5502.664217828638
      ],
      [
        -0.03,
        -5502.594638230201
      ],
      [
        -0.025,
        -5502.5522835957045
      ],
      [
        -0.02,
        -5502.53715938375
      ],
      [
        -0.015,
        -5502.549281216622
      ],
      [
        -0.01,
        -5502.588674949652
      ],
      [
        -0.005,
        -5502.655376756742
      ],
      [
        0.0,
        -5502.749433232271
      ],
      [
        0.005,
        -5502.870901509976
      ],
      [
        0.01,
        -5503.019849399222
      ],
      [
        0.015,
        -5503.196355539471
      ],
      [
        0.02,
        -5503.400509573355
      ],
      [
        0.025,
        -5503.632412339367
      ],
      [
        0.03,
        -5503.892176084812
      ],
      [
        0.035,
        -5504.179924700213
      ],
      [
        0.04,
        -5504.4957939759015
      ],
      [
        0.045,
        -5504.839931882309
      ],
      [
        0.05,
        -5505.212498874879
      ],
      [
        0.055,
        -5505.613668225358
      ],
      [
        0.06,
        -5506.043626380776
      ],
      [
        0.065,
        -5506.502573351888
      ],
      [
        0.07,
        -5506.990723133041
      ],
      [
        0.075,
        -5507.508304155473
      ],
      [
        0.08,
        -5508.055559776335
      ],
      [
        0.085,
        -5508.632748805922
      ],
      [
        0.09,
        -5509.240146075994
      ],
      [
        0.095,
        -5509.878043052108
      ],
      [
        0.1,
        -5510.546748493445
      ]
    ]
  },
  "Espana": {
    "fuente": "API-Football",
    "n_partidos": 1140,
    "lambda_avg": 1.4640350877192982,
    "mu_avg": 1.1280701754385964,
    "rho_constrained": 0.0,
    "ll_constrained": -3164.166670414934,
    "rho_unconstrained": 0.03,
    "ll_unconstrained": -3163.9022308455014,
    "delta_ll_at_zero": -0.26443956943239755,
    "delta_ll_at_minus_013": -8.42349813695273,
    "freq_empirica": {
      "0-0": 0.06842105263157895,
      "1-0": 0.13157894736842105,
      "0-1": 0.08421052631578947,
      "1-1": 0.13333333333333333
    },
    "freq_teorica_rho_0": {
      "0-0": 0.07486226929162298,
      "1-0": 0.10960098898922699,
      "0-1": 0.08444989325353261,
      "1-1": 0.12363760687732098
    },
    "freq_teorica_rho_negativa": {
      "0-0": 0.0909351581856747,
      "1-0": 0.09352810009517526,
      "0-1": 0.06837700435948088,
      "1-1": 0.13971049577137268
    },