{
  "liga_modelo": {
    "Alemania|V0": {
      "N_universe": 751,
      "Brier": 0.6279926902401757,
      "Hit": 0.46870838881491345,
      "Sharp": 0.10735666632972797,
      "ECE_apost": 0.04292874907909472,
      "N_bets": 7,
      "Yield": -27.42857142857143,
      "Cuota_avg": 3.6699999999999995,
      "Cuota_min": 1.88,
      "Cuota_max": 7.05,
      "wins": 2,
      "pnl": -1.92
    },
    "Alemania|Vamp": {
      "N_universe": 50,
      "Brier": 0.6551113508076162,
      "Hit": 0.42,
      "Sharp": 0.06792010204308362,
      "ECE_apost": 0.013069231333341813,
      "N_bets": 19,
      "Yield": -25.52631578947368,
      "Cuota_avg": 6.287368421052631,
      "Cuota_min": 2.75,
      "Cuota_max": 13.15,
      "wins": 3,
      "pnl": -4.85
    },
    "Argentina|V0": {
      "N_universe": 741,
      "Brier": 0.6587406855896718,
      "Hit": 0.4116059379217274,
      "Sharp": 0.07691997516175715,
      "ECE_apost": 0.06227964128893748,
      "N_bets": 37,
      "Yield": 26.864864864864863,
      "Cuota_avg": 3.5724324324324326,
      "Cuota_min": 2.22,
      "Cuota_max": 6.56,
      "wins": 12,
      "pnl": 9.94
    },
    "Argentina|Vdual": {
      "N_universe": 741,
      "Brier": 0.655088405455415,
      "Hit": 0.42105263157894735,
      "Sharp": 0.04074491342944584,
      "ECE_apost": 0.0174839551108108,
      "N_bets": 24,
      "Yield": 59.958333333333336,
      "Cuota_avg": 4.030833333333333,
      "Cuota_min": 2.22,
      "Cuota_max": 6.56,
      "wins": 9,
      "pnl": 14.39
    },
    "Argentina|Vanc05": {
      "N_universe": 119,
      "Brier": 0.6472788877679907,
      "Hit": 0.42857142857142855,
      "Sharp": 0.08350790335332865,
      "ECE_apost": 0.08348776362216664,
      "N_bets": 5,
      "Yield": 53.800000000000004,
      "Cuota_avg": 3.2960000000000003,
      "Cuota_min": 2.22,
      "Cuota_max": 3.87,
      "wins": 2,
      "pnl": 2.69
    },
    "Argentina|Vamp": {
      "N_universe": 119,
      "Brier": 0.684888627401564,
      "Hit": 0.3445378151260504,
      "Sharp": 0.048653791250155766,
      "ECE_apost": 0.38591767479225536,
      "N_bets": 61,
      "Yield": 13.83606557377049,
      "Cuota_avg": 4.559508196721311,
      "Cuota_min": 2.22,
      "Cuota_max": 16.04,
      "wins": 14,
      "pnl": 8.44
    },
    "Brasil|V0": {
      "N_universe": 736,
      "Brier": 0.6308964140193272,
      "Hit": 0.4701086956521739,
      "Sharp": 0.07463623895055357,
      "ECE_apost": 0.008482953789685221,
      "N_bets": 24,
      "Yield": -3.500000000000001,
      "Cuota_avg": 3.047083333333333,
      "Cuota_min": 1.88,
      "Cuota_max": 6.03,
      "wins": 7,
      "pnl": -0.8400000000000003
    },
    "Brasil|Vdual": {
      "N_universe": 736,
      "Brier": 0.6357565936594088,
      "Hit": 0.46875,
      "Sharp": 0.0386856807328782,
      "ECE_apost": 0.16670284768163113,
      "N_bets": 7,
      "Yield": 89.71428571428571,
      "Cuota_avg": 3.9785714285714286,
      "Cuota_min": 3.04,
      "Cuota_max": 6.03,
      "wins": 4,
      "pnl": 6.279999999999999
    },
    "Brasil|Vamp": {
      "N_universe": 114,
      "Brier": 0.6630920715940444,
      "Hit": 0.4473684210526316,
      "Sharp": 0.03367712226148762,
      "ECE_apost": 0.5186774017228094,
      "N_bets": 39,
      "Yield": 7.461538461538458,
      "Cuota_avg": 4.771538461538461,
      "Cuota_min": 2.52,
      "Cuota_max": 10.94,
      "wins": 10,
      "pnl": 2.909999999999999
    },
    "Espana|V0": {
      "N_universe": 961,
      "Brier": 0.599105432626221,
      "Hit": 0.4994797086368366,
      "Sharp": 0.10432343300565951,
      "ECE_apost": 0.02292894687085345,
      "N_bets": 55,
      "Yield": -11.763636363636365,
      "Cuota_avg": 2.9641818181818183,
      "Cuota_min": 1.53,
      "Cuota_max": 5.58,
      "wins": 20,
      "pnl": -6.470000000000001
    },
    "Espana|Vdual": {
      "N_universe": 961,
      "Brier": 0.6131649732769753,
      "Hit": 0.5005202913631633,
      "Sharp": 0.05990170096249307,
      "ECE_apost": 0.1999097632660054,
      "N_bets": 20,
      "Yield": -65.75,
      "Cuota_avg": 3.8375,
      "Cuota_min": 3.08,
      "Cuota_max": 5.58,
      "wins": 2,
      "pnl": -13.15
    },
    "Espana|Vanc05": {
      "N_universe": 246,
      "Brier": 0.5561875472170246,
      "Hit": 0.5487804878048781,
      "Sharp": 0.11518752011696294,
      "ECE_apost": 0.08873384355149727,
      "N_bets": 9,
      "Yield": 18.555555555555557,
      "Cuota_avg": 2.6833333333333336,
      "Cuota_min": 1.76,
      "Cuota_max": 4.2,
      "wins": 5,
      "pnl": 1.6700000000000002
    },
    "Espana|Vamp": {
      "N_universe": 246,
      "Brier": 0.6429730034205391,
      "Hit": 0.43902439024390244,
      "Sharp": 0.058405571050991,
      "ECE_apost": 0.028484816679846925,
      "N_bets": 85,
      "Yield": -5.776470588235296,
      "Cuota_avg": 5.204941176470588,
      "Cuota_min": 2.28,
      "Cuota_max": 18.0,
      "wins": 19,
      "pnl": -4.910000000000001
    },
    "Francia|V0": {
      "N_universe": 812,
      "Brier": 0.6064781649129822,
      "Hit": 0.5049261083743842,
      "Sharp": 0.09461442907095721,
      "ECE_apost": 0.021213563266765934,
      "N_bets": 82,
      "Yield": 18.34146341463415,
      "Cuota_avg": 3.5402439024390246,
      "Cuota_min": 1.73,
      "Cuota_max": 5.5,
      "wins": 30,
      "pnl": 15.040000000000003
    },
    "Francia|Vdual": {
      "N_universe": 812,
      "Brier": 0.6188745080588378,
      "Hit": 0.5110837438423645,
      "Sharp": 0.05296048752196546,
      "ECE_apost": 0.19544928128819683,
      "N_bets": 34,
      "Yield": 10.088235294117652,
      "Cuota_avg": 4.310882352941176,
      "Cuota_min": 3.1,
      "Cuota_max": 5.5,
      "wins": 9,
      "pnl": 3.4300000000000015
    },
    "Francia|Vanc05": {
      "N_universe": 331,
      "Brier": 0.6092407832238078,
      "Hit": 0.5166163141993958,
      "Sharp": 0.08492926625762194,
      "ECE_apost": 0.056061693207127505,
      "N_bets": 5,
      "Yield": 30.8,
      "Cuota_avg": 3.314,
      "Cuota_min": 2.62,
      "Cuota_max": 3.85,
      "wins": 2,
      "pnl": 1.54
    },
    "Francia|Vamp": {
      "N_universe": 331,
      "Brier": 0.672180600437308,
      "Hit": 0.3474320241691843,
      "Sharp": 0.0385986208976307,
      "ECE_apost": 0.08255096141290263,
      "N_bets": 155,
      "Yield": 4.66451612903226,
      "Cuota_avg": 4.758258064516129,
      "Cuota_min": 2.31,
      "Cuota_max": 12.92,
      "wins": 39,
      "pnl": 7.230000000000003
    },
    "Inglaterra|V0": {
      "N_universe": 963,
      "Brier": 0.5987402169257738,
      "Hit": 0.5233644859813084,
      "Sharp": 0.10137801816817212,
      "ECE_apost": 0.019724975893957608,
      "N_bets": 39,
      "Yield": 5.128205128205128,
      "Cuota_avg": 3.2264102564102566,
      "Cuota_min": 1.59,
      "Cuota_max": 6.98,
      "wins": 12,
      "pnl": 2.0
    },
    "Inglaterra|Vdual": {
      "N_universe": 963,
      "Brier": 0.608135212951512,
      "Hit": 0.5316718587746625,
      "Sharp": 0.05426960785078031,
      "ECE_apost": 0.15404596911157553,
      "N_bets": 14,
      "Yield": 32.57142857142858,
      "Cuota_avg": 4.2785714285714285,
      "Cuota_min": 2.75,
      "Cuota_max": 6.98,
      "wins": 4,
      "pnl": 4.5600000000000005
    },
    "Inglaterra|Vanc05": {
      "N_universe": 202,
      "Brier": 0.5971796019655253,
      "Hit": 0.5099009900990099,
      "Sharp": 0.11442616370271416,
      "ECE_apost": 0.015845827296200543,
      "N_bets": 5,
      "Yield": 77.2,
      "Cuota_avg": 2.93,
      "Cuota_min": 2.0,
      "Cuota_max": 3.43,
      "wins": 3,
      "pnl": 3.8600000000000003
    },
    "Inglaterra|Vamp": {
      "N_universe": 202,
      "Brier": 0.6758297274877068,
      "Hit": 0.3910891089108911,
      "Sharp": 0.04769718751724658,
      "ECE_apost": 0.07128230063340046,
      "N_bets": 83,
      "Yield": 9.421686746987952,
      "Cuota_avg": 5.506024096385542,
      "Cuota_min": 2.3,
      "Cuota_max": 14.14,
      "wins": 17,
      "pnl": 7.82
    },