{
  "n_total": 358,
  "n_bins": 4,
  "n_con_bin": 358,
  "n_con_pos": 246,
  "filtro": "in_sample",
  "por_momento_bin": {
    "Q1": {
      "unit": {
        "n": 59,
        "n_gano": 37,
        "hit_pct": 62.71186440677966,
        "yield_pct": 44.91525423728814
      },
      "real": {
        "n": 40,
        "n_gano": 20,
        "hit_pct": 50.0,
        "yield_pct": -24.426715995778444,
        "stake": 1564220.34,
        "pl": -382087.66
      }
    },
    "Q2": {
      "unit": {
        "n": 92,
        "n_gano": 54,
        "hit_pct": 58.69565217391305,
        "yield_pct": 56.59782608695652
      },
      "real": {
        "n": 67,
        "n_gano": 36,
        "hit_pct": 53.73134328358209,
        "yield_pct": 26.59951991372119,
        "stake": 3340574.54,
        "pl": 888576.7899999999
      }
    },
    "Q3": {
      "unit": {
        "n": 148,
        "n_gano": 89,
        "hit_pct": 60.13513513513513,
        "yield_pct": 23.027027027027025
      },
      "real": {
        "n": 85,
        "n_gano": 45,
        "hit_pct": 52.94117647058824,
        "yield_pct": 26.612347358356818,
        "stake": 5634973.57,
        "pl": 1499598.74
      }
    },
    "Q4": {
      "unit": {
        "n": 59,
        "n_gano": 35,
        "hit_pct": 59.32203389830508,
        "yield_pct": 23.016949152542374
      },
      "real": {
        "n": 36,
        "n_gano": 16,
        "hit_pct": 44.44444444444444,
        "yield_pct": 12.520485075369475,
        "stake": 3052978.7600000002,
        "pl": 382247.75000000006
      }
    }
  },
  "por_diff_pos": {
    "vis_mucho_mejor": {
      "unit": {
        "n": 78,
        "n_gano": 45,
        "hit_pct": 57.692307692307686,
        "yield_pct": 43.82051282051282
      },
      "real": {
        "n": 56,
        "n_gano": 26,
        "hit_pct": 46.42857142857143,
        "yield_pct": 28.452197447537163,
        "stake": 3603739.05,
        "pl": 1025342.95
      },
      "ci95_lo_unit": 11.696474358974358,
      "ci95_hi_unit": 80.43685897435893,
      "sig_unit": "+"
    },
    "vis_mejor": {
      "unit": {
        "n": 52,
        "n_gano": 31,
        "hit_pct": 59.61538461538461,
        "yield_pct": 20.653846153846153
      },
      "real": {
        "n": 32,
        "n_gano": 18,
        "hit_pct": 56.25,
        "yield_pct": 22.404247558121742,
        "stake": 2080992.36,
        "pl": 466230.68000000005
      },
      "ci95_lo_unit": -7.674999999999999,
      "ci95_hi_unit": 48.443269230769225,
      "sig_unit": "0"
    },
    "loc_mejor": {
      "unit": {
        "n": 52,
        "n_gano": 31,
        "hit_pct": 59.61538461538461,
        "yield_pct": 37.05769230769231
      },
      "real": {
        "n": 33,
        "n_gano": 16,
        "hit_pct": 48.484848484848484,
        "yield_pct": 35.62819739527192,
        "stake": 2413918.0,
        "pl": 860035.47
      },
      "ci95_lo_unit": -2.481730769230769,
      "ci95_hi_unit": 77.93749999999993,
      "sig_unit": "0"
    },
    "loc_mucho_mejor": {
      "unit": {
        "n": 64,
        "n_gano": 43,
        "hit_pct": 67.1875,
        "yield_pct": 52.328125
      },
      "real": {
        "n": 32,
        "n_gano": 18,
        "hit_pct": 56.25,
        "yield_pct": 29.060497767403636,
        "stake": 1737757.02,
        "pl": 505000.83999999997
      },
      "ci95_lo_unit": 18.319921875000002,
      "ci95_hi_unit": 90.72343749999997,
      "sig_unit": "+"
    }
  },
  "cross_bin_x_diff_pos": {
    "Q1": {
      "vis_mucho_mejor": {
        "n": 0,
        "yield_pct": null
      },
      "vis_mejor": {
        "n": 1,
        "yield_pct": null
      },
      "igual": {
        "n": 0,
        "yield_pct": null
      },
      "loc_mejor": {
        "n": 2,
        "yield_pct": null
      },
      "loc_mucho_mejor": {
        "n": 1,
        "yield_pct": null
      }
    },
    "Q2": {
      "vis_mucho_mejor": {
        "n": 23,
        "yield_pct": 79.17391304347827,
        "hit_pct": 56.52173913043478
      },
      "vis_mejor": {
        "n": 8,
        "yield_pct": 33.625,
        "hit_pct": 62.5
      },
      "igual": {
        "n": 0,
        "yield_pct": null
      },
      "loc_mejor": {
        "n": 8,
        "yield_pct": 57.74999999999999,
        "hit_pct": 62.5
      },
      "loc_mucho_mejor": {
        "n": 14,
        "yield_pct": 165.49999999999997,
        "hit_pct": 71.42857142857143
      }
    },
    "Q3": {
      "vis_mucho_mejor": {
        "n": 39,
        "yield_pct": 39.92307692307692,
        "hit_pct": 64.1025641025641
      },
      "vis_mejor": {
        "n": 30,
        "yield_pct": 7.466666666666668,
        "hit_pct": 53.333333333333336
      },
      "igual": {
        "n": 0,
        "yield_pct": null
      },
      "loc_mejor": {
        "n": 24,
        "yield_pct": 31.166666666666664,
        "hit_pct": 58.333333333333336
      },
      "loc_mucho_mejor": {
        "n": 37,
        "yield_pct": 24.81081081081081,
        "hit_pct": 64.86486486486487
      }
    },
    "Q4": {
      "vis_mucho_mejor": {
        "n": 16,
        "yield_pct": 2.4999999999999982,
        "hit_pct": 43.75
      },
      "vis_mejor": {
        "n": 13,
        "yield_pct": 38.69230769230769,
        "hit_pct": 69.23076923076923
      },
      "igual": {
        "n": 0,
        "yield_pct": null
      },
      "loc_mejor": {
        "n": 18,
        "yield_pct": 42.27777777777778,
        "hit_pct": 61.111111111111114
      },
      "loc_mucho_mejor": {
        "n": 12,
        "yield_pct": 4.500000000000001,
        "hit_pct": 66.66666666666666
      }
    }
  }
}