{
  "n_total": 4584,
  "pesos": {
    "sots": 1.0,
    "shot_pct": 0.92,
    "clearance": 0.69,
    "pos": -0.44,
    "crosses": -0.66,
    "pass_pct": -0.27
  },
  "mu_std": {
    "sots": [
      4.171867888373075,
      1.1014721711719797
    ],
    "shot_pct": [
      0.3346789390108359,
      0.05908997910542779
    ],
    "clearance": [
      16.83641605898544,
      5.5967077997772385
    ],
    "pos": [
      48.28951225010854,
      8.228260033785844
    ],
    "crosses": [
      16.301674700253486,
      4.9005963175153875
    ],
    "pass_pct": [
      0.7125397265822595,
      0.1890221685822832
    ]
  },
  "score_cuts": [
    -1.2515109036916838,
    -0.41002090122918095,
    0.3275770494027746,
    1.268390240401899
  ],
  "quintiles": {
    "Q1": {
      "n_pred": 917,
      "n_apost": 276,
      "n_gano": 96,
      "yield_pct": 0.4065651105491964,
      "hit_pct": 34.78260869565217
    },
    "Q2": {
      "n_pred": 917,
      "n_apost": 273,
      "n_gano": 88,
      "yield_pct": -12.421245421245391,
      "hit_pct": 32.234432234432234
    },
    "Q3": {
      "n_pred": 916,
      "n_apost": 291,
      "n_gano": 116,
      "yield_pct": 8.133775997839725,
      "hit_pct": 39.86254295532646
    },
    "Q4": {
      "n_pred": 917,
      "n_apost": 276,
      "n_gano": 98,
      "yield_pct": 1.5652173913043324,
      "hit_pct": 35.507246376811594
    },
    "Q5": {
      "n_pred": 917,
      "n_apost": 253,
      "n_gano": 88,
      "yield_pct": 3.3631306149515905,
      "hit_pct": 34.78260869565217
    }
  }
}