{
  "Alemania": {
    "liga": "Alemania",
    "p_min": 0.6,
    "d_min": 0.15,
    "c_min": 0,
    "c_max": 3.0,
    "N": 31,
    "yield": 9.387096774193548,
    "ci_lo": -30.25806451612903,
    "ci_hi": 49.483870967741936,
    "yrs_pos": 1,
    "yrs_count": 2,
    "score": 11.502222570538196
  },
  "Argentina": {
    "liga": "Argentina",
    "p_min": 0.6,
    "d_min": -0.1,
    "c_min": 0,
    "c_max": 99,
    "N": 30,
    "yield": 47.5,
    "ci_lo": -0.8000000000000007,
    "ci_hi": 100.29999999999998,
    "yrs_pos": 2,
    "yrs_count": 2,
    "score": 163.11439221304445
  },
  "Brasil": {
    "liga": "Brasil",
    "p_min": 0.55,
    "d_min": 0.1,
    "c_min": 2.0,
    "c_max": 2.5,
    "N": 32,
    "yield": 17.625,
    "ci_lo": -19.75,
    "ci_hi": 57.90624999999999,
    "yrs_pos": 3,
    "yrs_count": 3,
    "score": 61.62594577084671
  },
  "Espana": {
    "liga": "Espana",
    "p_min": 0.0,
    "d_min": 0.12,
    "c_min": 2.0,
    "c_max": 2.5,
    "N": 33,
    "yield": 17.87878787878788,
    "ci_lo": -20.72727272727273,
    "ci_hi": 56.878787878787875,
    "yrs_pos": 2,
    "yrs_count": 2,
    "score": 63.04705180374349
  },
  "Francia": {
    "liga": "Francia",
    "p_min": 0.5,
    "d_min": 0.05,
    "c_min": 2.0,
    "c_max": 2.5,
    "N": 34,
    "yield": 31.79411764705882,
    "ci_lo": -6.911764705882355,
    "ci_hi": 67.55882352941175,
    "yrs_pos": 3,
    "yrs_count": 3,
    "score": 113.03915454323692
  },
  "Inglaterra": {
    "liga": "Inglaterra",
    "p_min": 0.5,
    "d_min": 0.2,
    "c_min": 0,
    "c_max": 99,
    "N": 38,
    "yield": 38.10526315789474,
    "ci_lo": -11.026315789473685,
    "ci_hi": 92.1842105263158,
    "yrs_pos": 2,
    "yrs_count": 2,
    "score": 139.60098062094022
  },
  "Italia": {
    "liga": "Italia",
    "p_min": 0.55,
    "d_min": 0.2,
    "c_min": 2.0,
    "c_max": 99,
    "N": 36,
    "yield": 24.63888888888889,
    "ci_lo": -24.11111111111111,
    "ci_hi": 74.6111111111111,
    "yrs_pos": 3,
    "yrs_count": 3,
    "score": 88.96900523653964
  },
  "Turquia": {
    "liga": "Turquia",
    "p_min": 0.0,
    "d_min": 0.05,
    "c_min": 0,
    "c_max": 2.5,
    "N": 35,
    "yield": 28.799999999999997,
    "ci_lo": -3.542857142857144,
    "ci_hi": 60.085714285714275,
    "yrs_pos": 2,
    "yrs_count": 2,
    "score": 103.20534542753596
  }
}