{
  "feature_stats": {
    "ema_xg_perf_l": {
      "n": 61,
      "mean": -0.01206081929475855,
      "std": 0.6429744742158622,
      "q1": -0.5484768243493805,
      "q3": 0.4319807301634637
    },
    "ema_xg_perf_v": {
      "n": 61,
      "mean": 0.057665612826831934,
      "std": 0.5916532491165165,
      "q1": -0.3577138524327625,
      "q3": 0.413664105960048
    },
    "diff_xg_perf": {
      "n": 61,
      "mean": -0.06972643212159048,
      "std": 0.7935158193436419,
      "q1": -0.5744641909421471,
      "q3": 0.5167498390871661
    },
    "ema_bcc_l": {
      "n": 53,
      "mean": 0.5639412997903566,
      "std": 0.37916815089673406,
      "q1": 0.16666666666666666,
      "q3": 1.0
    },
    "ema_bcc_v": {
      "n": 57,
      "mean": 0.6407299111977475,
      "std": 0.3581758341099259,
      "q1": 0.3333333333333333,
      "q3": 1.0
    },
    "diff_bcc": {
      "n": 50,
      "mean": -0.1226543209876543,
      "std": 0.4907002895044987,
      "q1": -0.4444444444444445,
      "q3": 0.16666666666666663
    },
    "ema_pct_danger_l": {
      "n": 61,
      "mean": 0.2743739281151975,
      "std": 0.10763366505682725,
      "q1": 0.20187724212492017,
      "q3": 0.3457827575474635
    },
    "ema_pct_danger_v": {
      "n": 61,
      "mean": 0.2759508221866569,
      "std": 0.09207941833637577,
      "q1": 0.20869665314109764,
      "q3": 0.33994708994709
    },
    "diff_pct_danger": {
      "n": 61,
      "mean": -0.0015768940714593225,
      "std": 0.138112628294625,
      "q1": -0.1151581050273861,
      "q3": 0.0965845771348618
    },
    "ema_sp_dep_l": {
      "n": 57,
      "mean": 0.31103169446249374,
      "std": 0.27031238613763414,
      "q1": 0.0,
      "q3": 0.5555555555555556
    },
    "ema_sp_dep_v": {
      "n": 61,
      "mean": 0.32729204614450524,
      "std": 0.282802937334325,
      "q1": 0.1111111111111111,
      "q3": 0.4814814814814815
    },
    "diff_sp_dep": {
      "n": 57,
      "mean": -0.016377878853512374,
      "std": 0.38361094375788846,
      "q1": -0.3333333333333333,
      "q3": 0.22222222222222232
    },
    "ema_late_pct_l": {
      "n": 61,
      "mean": 0.17591021871079215,
      "std": 0.0769070063333178,
      "q1": 0.11950817213975111,
      "q3": 0.21476671476671477
    },
    "ema_late_pct_v": {
      "n": 61,
      "mean": 0.1723165208681521,
      "std": 0.07189862104261949,
      "q1": 0.1216931216931217,
      "q3": 0.2231441398108065
    },
    "diff_late_pct": {
      "n": 61,
      "mean": 0.003593697842639993,
      "std": 0.10804059103644843,
      "q1": -0.06964285714285716,
      "q3": 0.08588925694188852
    },
    "ema_shooter_gini_l": {
      "n": 61,
      "mean": 0.22546192601319115,
      "std": 0.0519807340904761,
      "q1": 0.19700978034311373,
      "q3": 0.25925127504074885
    },
    "ema_shooter_gini_v": {
      "n": 61,
      "mean": 0.24022693415110447,
      "std": 0.048437268809746,
      "q1": 0.21597923681257017,
      "q3": 0.2647270425048204
    },
    "diff_shooter_gini": {
      "n": 61,
      "mean": -0.014765008137913349,
      "std": 0.07243178648886127,
      "q1": -0.06398981676759447,
      "q3": 0.01992579471571071
    }
  },
  "hypotheses": [
    {
      "name": "F1a_xg_perf_l_high_->_2",
      "pick": "1",
      "n": 13,
      "yield_mean": 1.2269230769230768,
      "ci_lo": -0.28076923076923077,
      "ci_hi": 3.2930769230769235,
      "hit_rate": 0.46153846153846156,
      "sig_ci": false
    },
    {
      "name": "F1b_xg_perf_l_low_->_1",
      "pick": "1",
      "n": 18,
      "yield_mean": -0.016666666666666694,
      "ci_lo": -0.5566666666666666,
      "ci_hi": 0.6838888888888889,
      "hit_rate": 0.4444444444444444,
      "sig_ci": false
    },
    {
      "name": "F1c_xg_perf_v_high_->_1",
      "pick": "1",
      "n": 11,
      "yield_mean": 0.2927272727272727,
      "ci_lo": -0.5909090909090909,
      "ci_hi": 1.518181818181818,
      "hit_rate": 0.45454545454545453,
      "sig_ci": false
    },
    {
      "name": "F1d_xg_perf_v_low_->_2",
      "pick": "2",
      "n": 10,
      "yield_mean": -0.41500000000000004,
      "ci_lo": -1.0,
      "ci_hi": 0.4,
      "hit_rate": 0.2,
      "sig_ci": false
    },
    {
      "name": "F1e_diff_xg_perf_>1->_1",
      "pick": "1",
      "n": 4,
      "yield_mean": null,
      "ci_lo": null,
      "ci_hi": null,
      "hit_rate": 0.25,
      "sig_ci": false
    },
    {
      "name": "F1f_diff_xg_perf_<-1->_2",
      "pick": "2",
      "n": 8,
      "yield_mean": -0.315,
      "ci_lo": -0.83375,
      "ci_hi": 0.4025,
      "hit_rate": 0.375,
      "sig_ci": false
    },
    {
      "name": "F2a_bcc_l_low_->_1",
      "pick": "1",
      "n": 19,
      "yield_mean": -0.18052631578947367,
      "ci_lo": -0.744736842105263,
      "ci_hi": 0.4868421052631579,
      "hit_rate": 0.3157894736842105,
      "sig_ci": false
    },
    {
      "name": "F2b_bcc_l_low_->_O25",
      "pick": "O25",
      "n": 18,
      "yield_mean": -0.13555555555555554,
      "ci_lo": -0.5349999999999999,
      "ci_hi": 0.2805555555555556,
      "hit_rate": 0.5,
      "sig_ci": false
    },
    {
      "name": "F2c_bcc_v_low_->_2",
      "pick": "2",
      "n": 16,
      "yield_mean": 0.13125,
      "ci_lo": -0.593125,
      "ci_hi": 0.9075000000000001,
      "hit_rate": 0.375,
      "sig_ci": false
    },
    {
      "name": "F3a_danger_l_high_->_1",
      "pick": "1",
      "n": 6,
      "yield_mean": -0.6083333333333333,
      "ci_lo": -1.0,
      "ci_hi": 0.17500000000000004,
      "hit_rate": 0.16666666666666666,
      "sig_ci": false
    },
    {
      "name": "F3b_danger_l_low_->_X",
      "pick": "X",
      "n": 15,
      "yield_mean": -0.21200000000000002,
      "ci_lo": -1.0,
      "ci_hi": 0.712,
      "hit_rate": 0.2,
      "sig_ci": false
    },
    {
      "name": "F3c_danger_v_high_->_2",
      "pick": "2",
      "n": 4,
      "yield_mean": null,
      "ci_lo": null,
      "ci_hi": null,
      "hit_rate": 0.75,
      "sig_ci": false
    },
    {
      "name": "F4a_sp_dep_l_high_->_U25",
      "pick": "U25",
      "n": 13,
      "yield_mean": -0.25461538461538463,
      "ci_lo": -0.7284615384615384,
      "ci_hi": 0.3246153846153846,
      "hit_rate": 0.38461538461538464,
      "sig_ci": false
    },
    {
      "name": "F4b_sp_dep_v_high_->_X",
      "pick": "X",
      "n": 13,
      "yield_mean": -0.7723076923076923,
      "ci_lo": -1.0,
      "ci_hi": -0.3169230769230769,
      "hit_rate": 0.07692307692307693,
      "sig_ci": false
    },
    {
      "name": "F5a_late_l_high_->_O25",
      "pick": "O25",
      "n": 2,
      "yield_mean": null,
      "ci_lo": null,
      "ci_hi": null,
      "hit_rate": 1.0,
      "sig_ci": false
    },
    {
      "name": "F5b_late_v_high_->_O25",
      "pick": "O25",
      "n": 2,
      "yield_mean": null,
      "ci_lo": null,
      "ci_hi": null,
      "hit_rate": 0.5,
      "sig_ci": false
    },
    {
      "name": "F6a_gini_l_high_->_X",
      "pick": "X",
      "n": 0,
      "yield_mean": null,
      "ci_lo": null,
      "ci_hi": null,
      "sig_ci": false
    },
    {
      "name": "F6b_gini_l_low_->_1",
      "pick": "1",
      "n": 57,
      "yield_mean": -0.07157894736842105,
      "ci_lo": -0.41543859649122805,
      "ci_hi": 0.3021052631578947,
      "hit_rate": 0.3684210526315789,
      "sig_ci": false
    }
  ],
  "ml_importance": [
    {
      "feature": "diff_sp_dep",
      "imp": 0.15408933054011112,
      "std": 0.027961563480850923
    },
    {
      "feature": "ema_pct_danger_v",
      "imp": 0.14160255289320212,
      "std": 0.028302401527419183
    },
    {
      "feature": "ema_xg_perf_v",
      "imp": 0.09378873418252186,
      "std": 0.034480411385831786
    },
    {
      "feature": "ema_shooter_gini_l",
      "imp": 0.08832493360524139,
      "std": 0.022751783111541
    },
    {
      "feature": "ema_sp_dep_v",
      "imp": 0.06210074447534506,
      "std": 0.01204884367611177
    },
    {
      "feature": "diff_xg_perf",