{
  "feat_keys": [
    "p_top_v0",
    "p_vd_on_v0pick",
    "p_vr_on_v0pick",
    "p_impl\u00edcita_pick",
    "div_v0_mkt",
    "div_vd_mkt",
    "delta_v0_vd",
    "consensus_v0_vd",
    "consensus_v0_vr",
    "consensus_3",
    "cuota_pick",
    "log_cuota",
    "is_local",
    "is_empate",
    "is_visita",
    "is_top_liga",
    "is_turquia",
    "bin4_q1",
    "bin4_q2",
    "bin4_q3",
    "bin4_q4",
    "year"
  ],
  "lr_coefs_sorted": [
    [
      "consensus_v0_vr",
      0.41898798149744004
    ],
    [
      "consensus_3",
      -0.28852645252829384
    ],
    [
      "bin4_q3",
      -0.17648060348491612
    ],
    [
      "delta_v0_vd",
      0.16797594703970145
    ],
    [
      "bin4_q1",
      -0.14904867741542047
    ],
    [
      "consensus_v0_vd",
      -0.1427116593217485
    ],
    [
      "p_top_v0",
      0.13222644370082032
    ],
    [
      "p_impl\u00edcita_pick",
      0.1137465849216671
    ],
    [
      "p_vr_on_v0pick",
      0.10778388805538897
    ],
    [
      "div_vd_mkt",
      -0.10356766070285832
    ],
    [
      "is_top_liga",
      -0.09998764903889988
    ],
    [
      "p_vd_on_v0pick",
      0.08480346489508686
    ],
    [
      "is_empate",
      0.0781501373649725
    ],
    [
      "is_turquia",
      -0.07796260399632994
    ],
    [
      "bin4_q4",
      -0.05008458164268166
    ],
    [
      "is_local",
      -0.04885539829204642
    ],
    [
      "bin4_q2",
      -0.031045834952464095
    ],
    [
      "is_visita",
      0.018595165248738728
    ],
    [
      "cuota_pick",
      0.01827049021361205
    ],
    [
      "year",
      0.011547305074777055
    ],
    [
      "div_v0_mkt",
      0.01050849736771708
    ],
    [
      "log_cuota",
      0.002614982040344283
    ]
  ],
  "score_grid_v2": {
    "-2": [
      784,
      36.224489795918366,
      -2.7704081632653064,
      -21.720000000000002,
      2.927155612244898
    ],
    "-1": [
      782,
      36.18925831202046,
      -2.9104859335038364,
      -22.76,
      2.926918158567775
    ],
    "0": [
      779,
      36.2002567394095,
      -2.8960205391527603,
      -22.560000000000002,
      2.927548138639281
    ],
    "1": [
      768,
      36.58854166666667,
      -1.9049479166666672,
      -14.630000000000003,
      2.926536458333333
    ],
    "2": [
      746,
      36.46112600536193,
      -3.0455764075067027,
      -22.720000000000002,
      2.9107908847184985
    ],
    "3": [
      669,
      36.62182361733931,
      -4.394618834080718,
      -29.400000000000002,
      2.859342301943199
    ],
    "4": [
      558,
      36.91756272401434,
      -6.157706093189964,
      -34.36,
      2.8011469534050177
    ],
    "5": [
      382,
      40.31413612565445,
      -7.869109947643979,
      -30.060000000000002,
      2.493193717277487
    ],
    "6": [
      225,
      48.44444444444444,
      0.062222222222221096,
      0.13999999999999746,
      2.1863111111111113
    ],
    "7": [
      145,
      51.03448275862069,
      -0.08275862068965632,
      -0.12000000000000166,
      2.0213793103448277
    ],
    "8": [
      84,
      58.333333333333336,
      12.964285714285712,
      10.889999999999999,
      1.9221428571428572
    ],
    "9": [
      35,
      54.285714285714285,
      5.657142857142857,
      1.9799999999999998,
      1.954
    ]
  }
}