{
  "score_results": {
    "-2": [
      2478,
      36.077481840193705,
      -6.374899112187247,
      -157.97,
      2.8444713478611785
    ],
    "-1": [
      2475,
      36.08080808080808,
      -6.384242424242426,
      -158.01000000000002,
      2.8442545454545454
    ],
    "0": [
      2469,
      36.04698258404212,
      -6.5439449169704345,
      -161.57000000000002,
      2.843616848926691
    ],
    "1": [
      2436,
      36.206896551724135,
      -6.220032840722496,
      -151.52,
      2.8386699507389164
    ],
    "2": [
      2323,
      36.246233318984075,
      -6.889797675419716,
      -160.05,
      2.819991390443392
    ],
    "3": [
      2037,
      36.769759450171826,
      -7.060382916053021,
      -143.82000000000002,
      2.784099165439372
    ],
    "4": [
      1572,
      38.80407124681934,
      -6.348600508905854,
      -99.80000000000001,
      2.6440203562340963
    ],
    "5": [
      981,
      43.425076452599384,
      -6.15494393476045,
      -60.38000000000001,
      2.316921508664628
    ],
    "6": [
      567,
      49.029982363315696,
      -2.0811287477954155,
      -11.800000000000006,
      2.0753086419753086
    ],
    "7": [
      338,
      50.29585798816568,
      -3.33431952662722,
      -11.270000000000003,
      1.9821597633136097
    ],
    "8": [
      149,
      48.99328859060403,
      -6.664429530201343,
      -9.930000000000001,
      1.9293959731543626
    ]
  }
}