{
  "orientation": "low_x_near_goal",
  "n_shots": 19660,
  "n_goals": 2062,
  "pct_goals": 0.10488301119023398,
  "sum_xg_in_sample": 2061.7396875528016,
  "ratio_xg_goals_in_sample": 0.9998737573000978,
  "cv5_brier_mean": 0.07780817495911922,
  "cv5_brier_std": 0.003541944766290553,
  "cv5_logloss_mean": 0.27655304063865216,
  "cv5_logloss_std": 0.00948448252898385,
  "coefs": {
    "distance": -0.8388904751477455,
    "inv_distance_sq": -0.07361118386717871,
    "angle": 0.4473755095551384,
    "is_inside_box": 0.0068974544152464266,
    "body_head": -0.34641998143433356,
    "body_left_foot": -0.020828145887607633,
    "body_other": 0.011849403537633592,
    "sit_penalty": 0.3008109972702383,
    "sit_set_piece": -0.08852642341117602,
    "sit_corner": -0.2375840270282686,
    "sit_fast_break": 0.09410255008146112,
    "sit_assisted": -0.05123121572485415
  },
  "intercept": -2.5610801198705984,
  "feature_names": [
    "distance",
    "inv_distance_sq",
    "angle",
    "is_inside_box",
    "body_head",
    "body_left_foot",
    "body_other",
    "sit_penalty",
    "sit_set_piece",
    "sit_corner",
    "sit_fast_break",
    "sit_assisted"
  ],
  "scaler_mean": [
    18.475178914212933,
    0.0071838297203647,
    0.44398566902002995,
    0.4752288911495422,
    0.17594099694811802,
    0.30859613428280774,
    0.003001017293997965,
    0.011953204476093592,
    0.06154628687690743,
    0.14969481180061037,
    0.07466937945066124,
    0.46185147507629704
  ],
  "scaler_scale": [
    8.565080043719188,
    0.01646162761082125,
    0.3298717230999347,
    0.49938601518894793,
    0.38076996013473946,
    0.4619140181770254,
    0.05469927960401703,
    0.10867532092819186,
    0.24032965162163666,
    0.3567720212132668,
    0.26285711560293334,
    0.4985425659320445
  ]
}