{
  "n_matched": 251,
  "n_eventos": 502,
  "by_liga": {
    "Brasil": {
      "n": 92,
      "avg_sofa": 1.2731537998009472,
      "avg_espn": 1.7139782608695653,
      "avg_goles": 1.2934782608695652,
      "diff": -0.44082446106861806,
      "corr_se": 0.6330644008108035,
      "corr_sg": 0.41033052496899136,
      "corr_eg": 0.531425541241627
    },
    "Argentina": {
      "n": 92,
      "avg_sofa": 1.1226801399626318,
      "avg_espn": 1.395108695652174,
      "avg_goles": 1.076086956521739,
      "diff": -0.2724285556895423,
      "corr_se": 0.7149661631933363,
      "corr_sg": 0.4682239555884406,
      "corr_eg": 0.550862505540161
    },
    "Inglaterra": {
      "n": 58,
      "avg_sofa": 1.5027013588286378,
      "avg_espn": 1.6926741379310344,
      "avg_goles": 1.3620689655172413,
      "diff": -0.18997277910239663,
      "corr_se": 0.4649403486164207,
      "corr_sg": 0.3948561506243195,
      "corr_eg": 0.47818150679815624
    },
    "Turquia": {
      "n": 42,
      "avg_sofa": 1.5027857180736297,
      "avg_espn": 1.8957047619047618,
      "avg_goles": 1.4523809523809523,
      "diff": -0.3929190438311321,
      "corr_se": 0.4719435565897241,
      "corr_sg": 0.4479101869684943,
      "corr_eg": 0.5479750247810121
    },
    "Ecuador": {
      "n": 40,
      "avg_sofa": 1.2267936826632433,
      "avg_espn": 0.0,
      "avg_goles": 1.15,
      "diff": 1.2267936826632433,
      "corr_se": NaN,
      "corr_sg": 0.6186519010178138,
      "corr_eg": NaN
    },
    "Uruguay": {
      "n": 36,
      "avg_sofa": 1.2051389114680702,
      "avg_espn": 0.0,
      "avg_goles": 1.3888888888888888,
      "diff": 1.2051389114680702,
      "corr_se": NaN,
      "corr_sg": 0.5890075429283375,
      "corr_eg": NaN
    },
    "Bolivia": {
      "n": 34,
      "avg_sofa": 1.2804072737031709,
      "avg_espn": 0.0,
      "avg_goles": 1.4705882352941178,
      "diff": 1.2804072737031709,
      "corr_se": NaN,
      "corr_sg": 0.52471225323172,
      "corr_eg": NaN
    },
    "Peru": {
      "n": 32,
      "avg_sofa": 1.300047013369642,
      "avg_espn": 1.6193499999999998,
      "avg_goles": 1.40625,
      "diff": -0.31930298663035783,
      "corr_se": 0.6485608128540978,
      "corr_sg": 0.7471375037296042,
      "corr_eg": 0.771860965756197
    },
    "Espana": {
      "n": 28,
      "avg_sofa": 1.3344974782852177,
      "avg_espn": 1.6479714285714286,
      "avg_goles": 1.3214285714285714,
      "diff": -0.31347395028621095,
      "corr_se": 0.6381561166777457,
      "corr_sg": 0.3011361673228664,
      "corr_eg": 0.48514405189216786
    },
    "Venezuela": {
      "n": 20,
      "avg_sofa": 1.092182902885321,
      "avg_espn": 0.0,
      "avg_goles": 1.3,
      "diff": 1.092182902885321,
      "corr_se": NaN,
      "corr_sg": 0.4259118818719006,
      "corr_eg": NaN
    },
    "Italia": {
      "n": 10,
      "avg_sofa": 1.1668523787825427,
      "avg_espn": 1.1934,
      "avg_goles": 0.5,
      "diff": -0.02654762121745735,
      "corr_se": 0.7782136651949081,
      "corr_sg": 0.07024360726357647,
      "corr_eg": 0.12433876667713191
    },
    "Francia": {
      "n": 10,
      "avg_sofa": 1.6103358629286568,
      "avg_espn": 1.96432,
      "avg_goles": 1.4,
      "diff": -0.35398413707134324,
      "corr_se": 0.7632388566918265,
      "corr_sg": 0.43520234324126805,
      "corr_eg": 0.6994121897412986
    }
  },
  "top_equipos_diff": [
    {
      "liga": "Ecuador",
      "equipo": "Independiente del Valle",
      "n": 4,
      "avg_sofa": 2.4953736406478617,
      "avg_espn": 0.0,
      "diff": 2.4953736406478617,
      "avg_goles": 1.5
    },
    {
      "liga": "Ecuador",
      "equipo": "Universidad Cat\u00f3lica (Quito)",
      "n": 3,
      "avg_sofa": 2.2119146456875494,
      "avg_espn": 0.0,
      "diff": 2.2119146456875494,
      "avg_goles": 2.6666666666666665
    },
    {
      "liga": "Bolivia",
      "equipo": "Oriente Petrolero",
      "n": 3,
      "avg_sofa": 1.8170152398570345,
      "avg_espn": 0.0,
      "diff": 1.8170152398570345,
      "avg_goles": 1.3333333333333333
    },
    {
      "liga": "Ecuador",
      "equipo": "Deportivo Cuenca",
      "n": 3,
      "avg_sofa": 1.616133431585311,
      "avg_espn": 0.0,
      "diff": 1.616133431585311,
      "avg_goles": 1.3333333333333333
    },
    {
      "liga": "Bolivia",
      "equipo": "Real Potos\u00ed",
      "n": 3,
      "avg_sofa": 1.4634182488358822,
      "avg_espn": 0.0,
      "diff": 1.4634182488358822,
      "avg_goles": 1.3333333333333333
    },
    {
      "liga": "Bolivia",
      "equipo": "GV San Jos\u00e9",
      "n": 3,
      "avg_sofa": 1.3979154331063002,
      "avg_espn": 0.0,
      "diff": 1.3979154331063002,
      "avg_goles": 1.0
    },
    {
      "liga": "Bolivia",
      "equipo": "The Strongest",
      "n": 3,
      "avg_sofa": 1.3495455675615375,
      "avg_espn": 0.0,
      "diff": 1.3495455675615375,
      "avg_goles": 2.0
    },
    {
      "liga": "Ecuador",
      "equipo": "Aucas",
      "n": 3,
      "avg_sofa": 1.3239089621125364,
      "avg_espn": 0.0,
      "diff": 1.3239089621125364,
      "avg_goles": 1.0
    },
    {
      "liga": "Uruguay",
      "equipo": "Juventud",
      "n": 3,
      "avg_sofa": 1.2634497906142252,
      "avg_espn": 0.0,
      "diff": 1.2634497906142252,
      "avg_goles": 1.3333333333333333
    },
    {
      "liga": "Turquia",
      "equipo": "Kayserispor",
      "n": 3,
      "avg_sofa": 0.896955974272769,
      "avg_espn": 2.1493333333333333,
      "diff": -1.2523773590605645,
      "avg_goles": 0.6666666666666666
    },
    {
      "liga": "Uruguay",
      "equipo": "Danubio",
      "n": 3,
      "avg_sofa": 1.2507536742103482,
      "avg_espn": 0.0,
      "diff": 1.2507536742103482,
      "avg_goles": 1.0
    },
    {
      "liga": "Uruguay",
      "equipo": "Central Espa\u00f1ol F\u00fatbol Club",
      "n": 3,
      "avg_sofa": 1.2494638573096262,
      "avg_espn": 0.0,
      "diff": 1.2494638573096262,
      "avg_goles": 2.0
    },
    {
      "liga": "Ecuador",
      "equipo": "Macar\u00e1",
      "n": 3,
      "avg_sofa": 1.1955362255278015,
      "avg_espn": 0.0,
      "diff": 1.1955362255278015,
      "avg_goles": 2.0
    },
    {
      "liga": "Bolivia",
      "equipo": "Real Oruro",
      "n": 3,
      "avg_sofa": 1.1717534285135267,
      "avg_espn": 0.0,
      "diff": 1.1717534285135267,
      "avg_goles": 1.6666666666666667
    },
    {
      "liga": "Ecuador",
      "equipo": "Orense",
      "n": 3,
      "avg_sofa": 1.1608335112568084,
      "avg_espn": 0.0,
      "diff": 1.1608335112568084,
      "avg_goles": 1.3333333333333333
    },
    {
      "liga": "Ecuador",
      "equipo": "T\u00e9cnico Universitario",
      "n": 3,
      "avg_sofa": 1.0690854815143644,
      "avg_espn": 0.0,
      "diff": 1.0690854815143644,
      "avg_goles": 0.0
    },
    {
      "liga": "Argentina",
      "equipo": "Talleres (c\u00f3rdoba)",
      "n": 3,
      "avg_sofa": 0.8585835032652701,
      "avg_espn": 1.864,
      "diff": -1.00541649673473,
      "avg_goles": 1.3333333333333333
    },
    {
      "liga": "Ecuador",
      "equipo": "Barcelona SC",
      "n": 3,
      "avg_sofa": 0.9954135454457095,
      "avg_espn": 0.0,
      "diff": 0.9954135454457095,
      "avg_goles": 1.3333333333333333
    },
    {
      "liga": "Ecuador",
      "equipo": "Mushuc Runa",
      "n": 3,
      "avg_sofa": 0.9760198771197489,
      "avg_espn": 0.0,
      "diff": 0.9760198771197489,
      "avg_goles": 2.0
    },
    {
      "liga": "Uruguay",
      "equipo": "Liverpool",
      "n": 3,
      "avg_sofa": 0.9758040969113931,
      "avg_espn": 0.0,
      "diff": 0.9758040969113931,
      "avg_goles": 1.3333333333333333
    },
    {
      "liga": "Uruguay",
      "equipo": "Pe\u00f1arol",
      "n": 3,
      "avg_sofa": 0.9603791745376791,
      "avg_espn": 0.0,
      "diff": 0.9603791745376791,
      "avg_goles": 0.6666666666666666
    },
    {
      "liga": "Brasil",
      "equipo": "Fluminense",
      "n": 5,