{
  "_meta": {
    "fecha": "2026-05-03",
    "script": "motor_xg_v2_05_hierarchical.py",
    "refs": {
      "papers": "docs/papers/motor_xg_v2_research.md",
      "definicion": "docs/definiciones/rmse_forward_ema.md"
    },
    "N_partidos": 13430,
    "N_eventos_total": 26860,
    "N_eventos_train": 25998,
    "N_eventos_holdout": 862,
    "WARMUP": 5,
    "holdout_years": [
      "2026"
    ],
    "train_years": [
      "2022",
      "2023",
      "2024",
      "2025"
    ],
    "theta_grid": [
      0.05,
      0.1,
      0.15,
      0.2,
      0.25,
      0.3
    ],
    "em_max_iter": 30,
    "em_tol": 1e-06,
    "min_n_liga": 50
  },
  "globals_learned": {
    "alpha": 0.733366034338109,
    "beta_sot": 0.20640946659793324,
    "beta_off": 0.0,
    "beta_corner": 0.0,
    "sigma2_alpha": 0.2687507346680351,
    "sigma2_beta": 0.0035658696570342193,
    "sigma2_eps": 1.1677875180877135,
    "converged": true,
    "n_iter": 11,
    "n_ligas": 16
  },
  "coefs_per_liga": {
    "Colombia": {
      "alpha": 0.3147742762764549,
      "beta_sot": 0.1972855830711628,
      "beta_off": 0.0,
      "beta_corner": 0.0,
      "n_train": 1180,
      "alpha_ols": 0.7360349815428519,
      "beta_sot_ols": 0.23746504172781233
    },
    "Peru": {
      "alpha": 1.3601481139426401,
      "beta_sot": 0.10970136885992332,
      "beta_off": 0.0,
      "beta_corner": 0.0,
      "n_train": 990,
      "alpha_ols": 1.3705486960271842,
      "beta_sot_ols": 0.24716982446421223
    },
    "Chile": {
      "alpha": 0.15375578141330287,
      "beta_sot": 0.2674010325990359,
      "beta_off": 0.0,
      "beta_corner": 0.0,
      "n_train": 1440,
      "alpha_ols": 0.49558689457313376,
      "beta_sot_ols": 0.28868459883472786
    },
    "Bolivia": {
      "alpha": 1.3429936885241132,
      "beta_sot": 0.20640878744434896,
      "beta_off": 0.0,
      "beta_corner": 0.0,
      "n_train": 1106,
      "alpha_ols": 1.3453887884267621,
      "beta_sot_ols": 0.0
    },
    "Uruguay": {
      "alpha": 1.2054840726855267,
      "beta_sot": 0.20640878744434896,
      "beta_off": 0.0,
      "beta_corner": 0.0,
      "n_train": 720,
      "alpha_ols": 1.2083333333333344,
      "beta_sot_ols": 0.0
    },
    "Ecuador": {
      "alpha": 1.2745119297989804,
      "beta_sot": 0.20640878744434896,
      "beta_off": 0.0,
      "beta_corner": 0.0,
      "n_train": 720,
      "alpha_ols": 1.2777777777777801,
      "beta_sot_ols": 0.0
    },
    "Venezuela": {
      "alpha": 1.202014532896042,
      "beta_sot": 0.20640878744434896,
      "beta_off": 0.0,
      "beta_corner": 0.0,
      "n_train": 1074,
      "alpha_ols": 1.2039106145251424,
      "beta_sot_ols": 0.0
    },
    "Noruega": {
      "alpha": 1.4685140620441062,
      "beta_sot": 0.07868945646529713,
      "beta_off": 0.0,
      "beta_corner": 0.0,
      "n_train": 1440,
      "alpha_ols": 1.5195495103123466,
      "beta_sot_ols": 0.2736343344362129
    },
    "Brasil": {
      "alpha": 0.32770836178080576,
      "beta_sot": 0.20611767977592804,
      "beta_off": 0.0,
      "beta_corner": 0.0,
      "n_train": 2280,
      "alpha_ols": 0.6975216183617372,
      "beta_sot_ols": 0.25559880678336816
    },
    "Argentina": {
      "alpha": 0.16592217235582146,
      "beta_sot": 0.2287361779731999,
      "beta_off": 0.0,
      "beta_corner": 0.0,
      "n_train": 2268,
      "alpha_ols": 0.5599482061001975,
      "beta_sot_ols": 0.2672188308141047
    },
    "Inglaterra": {
      "alpha": 0.5093636418418633,
      "beta_sot": 0.23895243614923187,
      "beta_off": 0.0,
      "beta_corner": 0.0,
      "n_train": 2280,
      "alpha_ols": 0.8049689154757252,
      "beta_sot_ols": 0.3113337786903753
    },
    "Alemania": {
      "alpha": 0.16506330025261687,
      "beta_sot": 0.3053150992798986,
      "beta_off": 0.0,
      "beta_corner": 0.0,
      "n_train": 1836,
      "alpha_ols": 0.5900521758663491,
      "beta_sot_ols": 0.35828581548733646
    },
    "Turquia": {
      "alpha": 1.310517007488894,
      "beta_sot": 0.10330888307362478,
      "beta_off": 0.0,
      "beta_corner": 0.0,
      "n_train": 2128,
      "alpha_ols": 1.3847375834593296,
      "beta_sot_ols": 0.28224700786345547
    },
    "Francia": {
      "alpha": 0.27691126975504304,
      "beta_sot": 0.25469429441208596,
      "beta_off": 0.0,
      "beta_corner": 0.0,
      "n_train": 1984,
      "alpha_ols": 0.6868824021600989,
      "beta_sot_ols": 0.29834939186045883
    },
    "Espana": {
      "alpha": 0.23092038206594095,
      "beta_sot": 0.26000778138902236,
      "beta_off": 0.0,
      "beta_corner": 0.0,
      "n_train": 2272,
      "alpha_ols": 0.5523739429126278,
      "beta_sot_ols": 0.30464844245792183
    },
    "Italia": {
      "alpha": 0.4252539562875909,
      "beta_sot": 0.22670652274112557,
      "beta_off": 0.0,
      "beta_corner": 0.0,
      "n_train": 2280,
      "alpha_ols": 0.7068364608528324,
      "beta_sot_ols": 0.28049928039752053
    }
  },
  "theta_grid_results": {
    "0.05": {
      "2022": {
        "rmse": 1.1978011828995796,
        "n": 4748
      },
      "2023": {
        "rmse": 1.2147273487047887,
        "n": 9202
      },
      "2024": {
        "rmse": 1.1848715759289128,
        "n": 7972
      },
      "2025": {
        "rmse": 1.2031210049076044,
        "n": 2246
      },
      "2026": {
        "rmse": 1.2011426532251075,
        "n": 665
      },
      "OOS_pool": {
        "rmse": 1.2005418165282133,
        "n": 24168
      },
      "IS_2026": {
        "rmse": 1.2011426532251075,
        "n": 665
      },
      "_n_eventos_usados": 26860,
      "_n_eventos_skipped": 0
    },
    "0.10": {
      "2022": {
        "rmse": 1.1915301169150834,
        "n": 4748
      },
      "2023": {
        "rmse": 1.2112020753613353,
        "n": 9202
      },
      "2024": {
        "rmse": 1.1819058827320548,
        "n": 7972
      },
      "2025": {
        "rmse": 1.200354676309571,
        "n": 2246
      },
      "2026": {
        "rmse": 1.197516315710089,
        "n": 665
      },
      "OOS_pool": {
        "rmse": 1.1967320395069276,
        "n": 24168
      },
      "IS_2026": {
        "rmse": 1.197516315710089,
        "n": 665
      },
      "_n_eventos_usados": 26860,
      "_n_eventos_skipped": 0
    },
    "0.15": {
      "2022": {
        "rmse": 1.1857042397800786,
        "n": 4748
      },
      "2023": {
        "rmse": 1.2079989033410605,
        "n": 9202
      },
      "2024": {
        "rmse": 1.1792372541184162,
        "n": 7972
      },
      "2025": {
        "rmse": 1.1978252044487736,
        "n": 2246
      },
      "2026": {
        "rmse": 1.1941639143417884,
        "n": 665
      },
      "OOS_pool": {
        "rmse": 1.1932535627982828,
        "n": 24168
      },
      "IS_2026": {
        "rmse": 1.1941639143417884,
        "n": 665
      },
      "_n_eventos_usados": 26860,
      "_n_eventos_skipped": 0
    },
    "0.20": {
      "2022": {
        "rmse": 1.1803301436064304,
        "n": 4748
      },
      "2023": {
        "rmse": 1.2051204010521785,
        "n": 9202
      },
      "2024": {
        "rmse": 1.1768677109329573,
        "n": 7972
      },
      "2025": {
        "rmse": 1.19553409272733,
        "n": 2246
      },
      "2026": {
        "rmse": 1.1910877621608587,
        "n": 665
      },
      "OOS_pool": {
        "rmse": 1.190109291400591,
        "n": 24168
      },
      "IS_2026": {
        "rmse": 1.1910877621608587,
        "n": 665
      },
      "_n_eventos_usados": 26860,
      "_n_eventos_skipped": 0
    },
    "0.25": {
      "2022": {
        "rmse": 1.1754140251571956,
        "n": 4748
      },
      "2023": {
        "rmse": 1.2025688999123838,
        "n": 9202
      },
      "2024": {
        "rmse": 1.1747990629227396,
        "n": 7972
      },
      "2025": {
        "rmse": 1.193482713875695,
        "n": 2246
      },
      "2026": {
        "rmse": 1.1882900045660758,
        "n": 665
      },