{
  "rmse_baseline_global": 1.178071873442659,
  "n_eval": 465,
  "features": {
    "big_chances": {
      "alpha": 0.13446889674970972,
      "corr": 0.47509994537779765,
      "rmse_aug": 1.1149366304351482,
      "rmse_base": 1.172865192818006,
      "delta": -0.05792856238285782,
      "n_valid": 422
    },
    "shots_inside_box": {
      "alpha": 0.019776585441864614,
      "corr": 0.2803948921011611,
      "rmse_aug": 1.1683275598452707,
      "rmse_base": 1.1801167524445102,
      "delta": -0.011789192599239495,
      "n_valid": 463
    },
    "touches_penalty_area": {
      "alpha": 0.004022573597940249,
      "corr": 0.13640758981355922,
      "rmse_aug": 1.17671155093418,
      "rmse_base": 1.1801167524445102,
      "delta": -0.0034052015103303024,
      "n_valid": 463
    },
    "avg_rating": {
      "alpha": 0.006496430223918974,
      "corr": 0.49098819440358926,
      "rmse_aug": 1.179287792931389,
      "rmse_base": 1.1801167524445102,
      "delta": -0.0008289595131212302,
      "n_valid": 463
    },
    "max_rating": {
      "alpha": 0.009720806400595014,
      "corr": 0.5733450252074304,
      "rmse_aug": 1.1776038839560121,
      "rmse_base": 1.1801167524445102,
      "delta": -0.0025128684884980768,
      "n_valid": 463
    },
    "xg_shotmap": {
      "alpha": 0.17050954557586848,
      "corr": 0.41463465841974084,
      "rmse_aug": 1.1523066820319938,
      "rmse_base": 1.1801167524445102,
      "delta": -0.027810070412516374,
      "n_valid": 463
    },
    "keeper_save_rival": {
      "alpha": 0.23710236388494665,
      "corr": 0.12110710552640144,
      "rmse_aug": 1.1726965837849952,
      "rmse_base": 1.1784464259634575,
      "delta": -0.0057498421784623055,
      "n_valid": 396
    },
    "ref_cards_per_game": {
      "alpha": 0.0001290511750882563,
      "corr": 0.06238076002856192,
      "rmse_aug": 1.1814371579224963,
      "rmse_base": 1.181437341873778,
      "delta": -1.8395128176251774e-07,
      "n_valid": 420
    },
    "ref_red_per_game": {
      "alpha": 0.08239240628015515,
      "corr": 0.049748494875259765,
      "rmse_aug": 1.1812959018315845,
      "rmse_base": 1.181437341873778,
      "delta": -0.00014144004219351913,
      "n_valid": 420
    }
  },
  "by_liga": {
    "Argentina": {
      "n": 87,
      "rmse_base": 1.151104936543849,
      "rmse_aug_xg": 1.1220368004217989,
      "delta": -0.02906813612205017
    },
    "Brasil": {
      "n": 83,
      "rmse_base": 1.1849290538546393,
      "rmse_aug_xg": 1.1636627233416934,
      "delta": -0.021266330512945908
    },
    "Inglaterra": {
      "n": 55,
      "rmse_base": 1.201536304072452,
      "rmse_aug_xg": 1.2006829564619181,
      "delta": -0.0008533476105339055
    },
    "Ecuador": {
      "n": 46,
      "rmse_base": 1.1239300462999444,
      "rmse_aug_xg": 1.0298760784882939,
      "delta": -0.09405396781165054
    },
    "Turquia": {
      "n": 37,
      "rmse_base": 1.1702304988607575,
      "rmse_aug_xg": 1.1695219770802279,
      "delta": -0.0007085217805296029
    },
    "Uruguay": {
      "n": 32,
      "rmse_base": 1.3243967095430553,
      "rmse_aug_xg": 1.246508772270556,
      "delta": -0.07788793727249943
    },
    "Bolivia": {
      "n": 28,
      "rmse_base": 1.1583459722174199,
      "rmse_aug_xg": 1.0676009234383788,
      "delta": -0.0907450487790411
    },
    "Peru": {
      "n": 28,
      "rmse_base": 1.5404791710674246,
      "rmse_aug_xg": 1.3647344224752682,
      "delta": -0.17574474859215639
    },
    "Espana": {
      "n": 26,
      "rmse_base": 1.0469663466298245,
      "rmse_aug_xg": 1.0469458973763999,
      "delta": -2.0449253424592584e-05
    }
  }
}