{
  "modelo_referencia": "V5_NNLS theta=0.20",
  "n_eventos": 24833,
  "global": {
    "n": 24833,
    "mean": 0.06179144633578172,
    "std": 1.1947008872763123,
    "rmse": 1.196297786046215,
    "pct_subestima": 0.4661539081061491
  },
  "por_liga": {
    "Brasil": {
      "n": 2253,
      "mean": -0.02373302001786456,
      "std": 1.1217950847527256,
      "rmse": 1.1220461079717459,
      "pct_subestima": 0.43142476697736354
    },
    "Inglaterra": {
      "n": 2220,
      "mean": 0.06049608782246373,
      "std": 1.2778068804374723,
      "rmse": 1.2792381327708957,
      "pct_subestima": 0.468018018018018
    },
    "Argentina": {
      "n": 2211,
      "mean": -0.031816046732851,
      "std": 1.0639690563070014,
      "rmse": 1.0644446503264122,
      "pct_subestima": 0.43419267299864317
    },
    "Espana": {
      "n": 2187,
      "mean": 0.01627978711572671,
      "std": 1.1384030962546792,
      "rmse": 1.1385194952352697,
      "pct_subestima": 0.4375857338820302
    },
    "Italia": {
      "n": 2165,
      "mean": -0.005096656005754703,
      "std": 1.12306804075801,
      "rmse": 1.123079605404032,
      "pct_subestima": 0.44942263279445727
    },
    "Turquia": {
      "n": 2056,
      "mean": 0.18170236657909794,
      "std": 1.2668050154976802,
      "rmse": 1.279769782933838,
      "pct_subestima": 0.4995136186770428
    },
    "Francia": {
      "n": 1888,
      "mean": -0.017888511072926817,
      "std": 1.2031651717967426,
      "rmse": 1.203298146534387,
      "pct_subestima": 0.4459745762711864
    },
    "Alemania": {
      "n": 1743,
      "mean": 0.027093580950458385,
      "std": 1.3196241489774203,
      "rmse": 1.3199022527040023,
      "pct_subestima": 0.44463568559954103
    },
    "Chile": {
      "n": 1370,
      "mean": -0.023317457187793267,
      "std": 1.192058479301021,
      "rmse": 1.192286509981207,
      "pct_subestima": 0.43284671532846714
    },
    "Noruega": {
      "n": 1369,
      "mean": 0.22147340267111082,
      "std": 1.2950742007333862,
      "rmse": 1.3138750524672957,
      "pct_subestima": 0.5186267348429511
    },
    "Colombia": {
      "n": 1110,
      "mean": -0.02204454218456163,
      "std": 1.0500075729562879,
      "rmse": 1.050238956193152,
      "pct_subestima": 0.43333333333333335
    },
    "Bolivia": {
      "n": 1036,
      "mean": 0.2252113017106112,
      "std": 1.3103848527963298,
      "rmse": 1.3295971543502363,
      "pct_subestima": 0.5241312741312741
    },
    "Venezuela": {
      "n": 1006,
      "mean": 0.20562659201600836,
      "std": 1.1092894314033526,
      "rmse": 1.128186747824708,
      "pct_subestima": 0.5407554671968191
    },
    "Peru": {
      "n": 905,
      "mean": 0.2133038216426073,
      "std": 1.2640231499358232,
      "rmse": 1.2818943185383973,
      "pct_subestima": 0.5226519337016574
    },
    "Ecuador": {
      "n": 672,
      "mean": 0.20222561433478173,
      "std": 1.1411434951710966,
      "rmse": 1.1589234986246444,
      "pct_subestima": 0.5133928571428571
    },
    "Uruguay": {
      "n": 642,
      "mean": 0.1502859519089026,
      "std": 1.1234165599447652,
      "rmse": 1.133424295883627,
      "pct_subestima": 0.5327102803738317
    }
  },
  "por_liga_anio": {
    "Brasil_2022": {
      "n": 660,
      "mean": -0.00980013290451808,
      "std": 1.0902953815330811,
      "rmse": 1.090339424948632,
      "pct_subestima": 0.45606060606060606
    },
    "Brasil_2023": {
      "n": 740,
      "mean": -0.03254541545384599,
      "std": 1.1996899685581028,
      "rmse": 1.200131336448643,
      "pct_subestima": 0.42027027027027025
    },
    "Brasil_2024": {
      "n": 750,
      "mean": -0.03339028782056872,
      "std": 1.0706082027087616,
      "rmse": 1.0711287667820453,
      "pct_subestima": 0.412
    },
    "Brasil_2026": {
      "n": 103,
      "mean": 0.020620552601996352,
      "std": 1.1038310901061363,
      "rmse": 1.104023678493588,
      "pct_subestima": 0.49514563106796117
    },
    "Inglaterra_2022": {
      "n": 233,
      "mean": 0.11035744385681431,
      "std": 1.3695397750783649,
      "rmse": 1.373978879363256,
      "pct_subestima": 0.5150214592274678
    },
    "Inglaterra_2023": {
      "n": 809,
      "mean": 0.10847882483616067,
      "std": 1.2752502659726312,
      "rmse": 1.2798558107463127,
      "pct_subestima": 0.48825710754017304
    },
    "Inglaterra_2024": {
      "n": 739,
      "mean": 0.0427369064712107,
      "std": 1.2805295949873774,
      "rmse": 1.2812425558079414,
      "pct_subestima": 0.4506089309878214
    },
    "Inglaterra_2025": {
      "n": 384,
      "mean": -0.01639639381730069,
      "std": 1.2263810328480298,
      "rmse": 1.2264906356999274,
      "pct_subestima": 0.4427083333333333
    },
    "Inglaterra_2026": {
      "n": 55,
      "mean": -0.0810490436655175,
      "std": 1.1813464703039418,
      "rmse": 1.1841234861190268,
      "pct_subestima": 0.38181818181818183
    },
    "Argentina_2022": {
      "n": 621,
      "mean": -0.007061042572306097,
      "std": 1.0720080769890463,
      "rmse": 1.0720313313760756,
      "pct_subestima": 0.4428341384863124
    },
    "Argentina_2023": {
      "n": 746,
      "mean": -0.05844353035425905,
      "std": 1.0548817272486382,
      "rmse": 1.0564994579853504,
      "pct_subestima": 0.41823056300268097
    },
    "Argentina_2024": {
      "n": 746,
      "mean": -0.03542786176954035,
      "std": 1.0581215050000554,
      "rmse": 1.0587144339873449,
      "pct_subestima": 0.44235924932975873
    },
    "Argentina_2026": {
      "n": 98,
      "mean": 0.0415070064839068,
      "std": 1.1178090376444298,
      "rmse": 1.1185794009487309,
      "pct_subestima": 0.4387755102040816
    },
    "Espana_2022": {
      "n": 200,
      "mean": -0.009214758874960038,
      "std": 1.1382011270762558,
      "rmse": 1.1382384273335628,
      "pct_subestima": 0.44
    },
    "Espana_2023": {
      "n": 799,
      "mean": 0.02968005347901891,
      "std": 1.1433681448881177,
      "rmse": 1.1437533039599987,
      "pct_subestima": 0.43679599499374216
    },
    "Espana_2024": {
      "n": 755,
      "mean": 0.01674650367701306,
      "std": 1.1521013973699643,
      "rmse": 1.15222310131642,
      "pct_subestima": 0.4609271523178808
    },
    "Espana_2025": {
      "n": 398,
      "mean": -0.001046105084566721,
      "std": 1.114796034381447,
      "rmse": 1.1147965252046885,
      "pct_subestima": 0.38944723618090454
    },
    "Espana_2026": {
      "n": 35,
      "mean": 0.04300637185322612,
      "std": 0.9777794140224787,
      "rmse": 0.9787247470592128,
      "pct_subestima": 0.4857142857142857
    },
    "Italia_2022": {
      "n": 200,
      "mean": -0.07559897738419286,
      "std": 1.1098839135483114,
      "rmse": 1.1124556202091171,
      "pct_subestima": 0.455
    },
    "Italia_2023": {
      "n": 805,
      "mean": -0.015484928100066065,
      "std": 1.1366861817712934,
      "rmse": 1.1367916514595215,
      "pct_subestima": 0.43850931677018634
    },
    "Italia_2024": {
      "n": 741,
      "mean": 0.06855629183056355,
      "std": 1.1505588008836671,
      "rmse": 1.1525994618428466,
      "pct_subestima": 0.4750337381916329
    },
    "Italia_2025": {
      "n": 404,
      "mean": -0.0654824287826102,
      "std": 1.037870008902946,
      "rmse": 1.0399337016653856,
      "pct_subestima": 0.4282178217821782
    },
    "Turquia_2022": {
      "n": 191,
      "mean": 0.3315406246437203,
      "std": 1.2575583353213884,
      "rmse": 1.3005276438912972,
      "pct_subestima": 0.5916230366492147
    },
    "Turquia_2023": {
      "n": 723,
      "mean": 0.24421380360834266,
      "std": 1.264443234540647,
      "rmse": 1.2878109625439862,
      "pct_subestima": 0.5062240663900415
    },
    "Turquia_2024": {
      "n": 711,
      "mean": 0.16749888437148608,
      "std": 1.2308708631250294,
      "rmse": 1.242215342827421,
      "pct_subestima": 0.5049226441631505
    },
    "Turquia_2025": {
      "n": 378,