{
  "Inglaterra": {
    "n": 3040,
    "r2_base": 0.38960229562041704,
    "r2_ext": 0.39411103569228634,
    "delta_r2": 0.004508740071869299,
    "ci95": [
      0.0024469522972876715,
      0.008010496004097273
    ],
    "sig": "SIG",
    "coef_ext_faltas": -0.008198973035090075,
    "coef_ext_amarillas": -0.04396243279860393,
    "coef_ext_rojas": -0.18529782403658554
  },
  "Italia": {
    "n": 3040,
    "r2_base": 0.32936806637811455,
    "r2_ext": 0.33156858253826393,
    "delta_r2": 0.0022005161601493795,
    "ci95": [
      0.0007594346092994281,
      0.0061729969188513735
    ],
    "sig": "NS",
    "coef_ext_faltas": 0.005646417953145591,
    "coef_ext_amarillas": -0.02599546551227879,
    "coef_ext_rojas": -0.11492898547554102
  },
  "Espana": {
    "n": 3040,
    "r2_base": 0.3759369143929483,
    "r2_ext": 0.3770611297440907,
    "delta_r2": 0.001124215351142377,
    "ci95": [
      0.0003253822651896998,
      0.004483841304605844
    ],
    "sig": "NS",
    "coef_ext_faltas": 4.6725652801221964e-05,
    "coef_ext_amarillas": 0.004744919156771819,
    "coef_ext_rojas": -0.11402607278548473
  },
  "Francia": {
    "n": 2744,
    "r2_base": 0.3562302649543464,
    "r2_ext": 0.3588260529381938,
    "delta_r2": 0.0025957879838474085,
    "ci95": [
      0.0008729474186139674,
      0.006262399231679355
    ],
    "sig": "NS",
    "coef_ext_faltas": -0.006427872970193579,
    "coef_ext_amarillas": -0.01876210180539791,
    "coef_ext_rojas": -0.13028954306113644
  },
  "Alemania": {
    "n": 2444,
    "r2_base": 0.3901644961319821,
    "r2_ext": 0.39309955419211295,
    "delta_r2": 0.002935058060130835,
    "ci95": [
      0.0008263536882317319,
      0.0068729037494484335
    ],
    "sig": "NS",
    "coef_ext_faltas": -0.0020768682597135054,
    "coef_ext_amarillas": -0.04714310655188028,
    "coef_ext_rojas": -0.07373965398832012
  },
  "Turquia": {
    "n": 2826,
    "r2_base": 0.37624699152293317,
    "r2_ext": 0.38173411922912037,
    "delta_r2": 0.0054871277061872,
    "ci95": [
      0.002904342937299209,
      0.009670883231797881
    ],
    "sig": "SIG",
    "coef_ext_faltas": 0.01965968208282524,
    "coef_ext_amarillas": -0.008937210721903255,
    "coef_ext_rojas": -0.1679354930535777
  }
}