{
  "n_total": 434,
  "base_rates": {
    "1": 0.48847926267281105,
    "X": 0.24193548387096775,
    "2": 0.2695852534562212
  },
  "reliability_per_outcome": {
    "1": {
      "[0.30,0.35)": {
        "n": 17,
        "avg_prob": 0.3391,
        "freq_real": 0.0588,
        "gap": -0.2802
      },
      "[0.35,0.40)": {
        "n": 90,
        "avg_prob": 0.3754,
        "freq_real": 0.2333,
        "gap": -0.142
      },
      "[0.40,0.45)": {
        "n": 117,
        "avg_prob": 0.4364,
        "freq_real": 0.4103,
        "gap": -0.0261
      },
      "[0.45,0.50)": {
        "n": 165,
        "avg_prob": 0.4705,
        "freq_real": 0.6485,
        "gap": 0.1779
      },
      "[0.50,0.55)": {
        "n": 41,
        "avg_prob": 0.5124,
        "freq_real": 0.7561,
        "gap": 0.2437
      },
      "[0.55,0.60)": {
        "n": 4,
        "avg_prob": 0.5644,
        "freq_real": 1.0,
        "gap": 0.4356
      }
    },
    "X": {
      "[0.15,0.20)": {
        "n": 313,
        "avg_prob": 0.1828,
        "freq_real": 0.2268,
        "gap": 0.0441
      },
      "[0.20,0.25)": {
        "n": 119,
        "avg_prob": 0.2169,
        "freq_real": 0.2773,
        "gap": 0.0604
      }
    },
    "2": {
      "[0.25,0.30)": {
        "n": 26,
        "avg_prob": 0.2858,
        "freq_real": 0.0385,
        "gap": -0.2473
      },
      "[0.30,0.35)": {
        "n": 147,
        "avg_prob": 0.3311,
        "freq_real": 0.1361,
        "gap": -0.1951
      },
      "[0.35,0.40)": {
        "n": 169,
        "avg_prob": 0.3705,
        "freq_real": 0.2604,
        "gap": -0.1101
      },
      "[0.40,0.45)": {
        "n": 64,
        "avg_prob": 0.4314,
        "freq_real": 0.4375,
        "gap": 0.0061
      },
      "[0.45,0.50)": {
        "n": 26,
        "avg_prob": 0.4659,
        "freq_real": 0.8846,
        "gap": 0.4187
      }
    }
  },
  "murphy_decomposition": {
    "1": {
      "brier": 0.2346,
      "reliability": 0.02685,
      "resolution": 0.0413,
      "uncertainty": 0.24987,
      "brier_aprox_decomp": 0.2354
    },
    "X": {
      "brier": 0.186,
      "reliability": 0.0024,
      "resolution": 0.00051,
      "uncertainty": 0.1834,
      "brier_aprox_decomp": 0.1853
    },
    "2": {
      "brier": 0.1908,
      "reliability": 0.03177,
      "resolution": 0.03608,
      "uncertainty": 0.19691,
      "brier_aprox_decomp": 0.1926
    }
  }
}