{
  "n_eventos": 762,
  "n_xgot_used": 11675,
  "n_custom_fallback": 7985,
  "pct_xgot": 59.38453713123093,
  "by_liga": {
    "Italia": {
      "custom": 1.0911116511226122,
      "v3": 0.7429041364942335,
      "delta": -0.34820751462837873,
      "n": 60
    },
    "Alemania": {
      "custom": 1.069045106500106,
      "v3": 0.8153052824313949,
      "delta": -0.2537398240687112,
      "n": 60
    },
    "Espana": {
      "custom": 1.051548784068819,
      "v3": 0.8107142597780078,
      "delta": -0.2408345242908111,
      "n": 60
    },
    "Brasil": {
      "custom": 1.0408813864826325,
      "v3": 0.6806591165080793,
      "delta": -0.3602222699745532,
      "n": 60
    },
    "Argentina": {
      "custom": 0.9655426518711285,
      "v3": 0.9655426518711284,
      "delta": -1.1102230246251565e-16,
      "n": 60
    },
    "Ecuador": {
      "custom": 0.9701077930105216,
      "v3": 0.9701077930105216,
      "delta": 0.0,
      "n": 60
    },
    "Inglaterra": {
      "custom": 1.052490535248127,
      "v3": 0.7165627487565808,
      "delta": -0.3359277864915463,
      "n": 59
    },
    "Venezuela": {
      "custom": 1.0388682120062707,
      "v3": 1.0388682120062707,
      "delta": 0.0,
      "n": 59
    },
    "Peru": {
      "custom": 1.045838214739908,
      "v3": 1.045838214739908,
      "delta": 0.0,
      "n": 59
    },
    "Turquia": {
      "custom": 1.091469489513489,
      "v3": 0.7890085048199929,
      "delta": -0.30246098469349625,
      "n": 58
    },
    "Francia": {
      "custom": 1.1066647113214103,
      "v3": 0.7175738028711964,
      "delta": -0.3890909084502139,
      "n": 58
    },
    "Uruguay": {
      "custom": 0.9380572432572505,
      "v3": 1.042590300545923,
      "delta": 0.10453305728867246,
      "n": 50
    },
    "Bolivia": {
      "custom": 1.0601777360802458,
      "v3": 1.060177736080246,
      "delta": 2.220446049250313e-16,
      "n": 39
    },
    "Noruega": {
      "custom": 1.2165457279286063,
      "v3": 0.9904399920654655,
      "delta": -0.22610573586314076,
      "n": 20
    }
  }
}