{
  "fecha": "2026-04-26",
  "bead": "adepor-edk",
  "fase": "F2_completo_LATAM",
  "h4_threshold": 0.35,
  "n_warmup": 8820,
  "n_test": 2348,
  "per_liga": {
    "Alemania": {
      "V0": {
        "n": 239,
        "hit": 0.4686192468619247,
        "yield": -0.09623430962343098,
        "ci_low": -0.22753138075313808,
        "ci_high": 0.0418410041841004,
        "significant_95": false
      },
      "V12": {
        "n": 239,
        "hit": 0.4769874476987448,
        "yield": -0.08472803347280336,
        "ci_low": -0.21225941422594144,
        "ci_high": 0.05589958158995814,
        "significant_95": false
      },
      "H4": {
        "n": 239,
        "hit": 0.4769874476987448,
        "yield": -0.06451882845188285,
        "ci_low": -0.19648535564853556,
        "ci_high": 0.0824267782426778,
        "significant_95": false
      }
    },
    "Argentina": {
      "V0": {
        "n": 279,
        "hit": 0.43010752688172044,
        "yield": -0.029247311827956996,
        "ci_low": -0.17455197132616487,
        "ci_high": 0.11437275985663083,
        "significant_95": false
      },
      "V12": {
        "n": 279,
        "hit": 0.4157706093189964,
        "yield": -0.009856630824372763,
        "ci_low": -0.1653405017921147,
        "ci_high": 0.15419354838709678,
        "significant_95": false
      },
      "H4": {
        "n": 279,
        "hit": 0.4121863799283154,
        "yield": -0.025448028673835128,
        "ci_low": -0.1767741935483871,
        "ci_high": 0.12881720430107527,
        "significant_95": false
      }
    },
    "Brasil": {
      "V0": {
        "n": 263,
        "hit": 0.5019011406844106,
        "yield": 0.02741444866920152,
        "ci_low": -0.10326996197718631,
        "ci_high": 0.159467680608365,
        "significant_95": false
      },
      "V12": {
        "n": 263,
        "hit": 0.467680608365019,
        "yield": -0.0411787072243346,
        "ci_low": -0.17019011406844106,
        "ci_high": 0.09365019011406844,
        "significant_95": false
      },
      "H4": {
        "n": 263,
        "hit": 0.5019011406844106,
        "yield": 0.03604562737642586,
        "ci_low": -0.09946768060836501,
        "ci_high": 0.17220532319391638,
        "significant_95": false
      }
    },
    "Espana": {
      "V0": {
        "n": 342,
        "hit": 0.4853801169590643,
        "yield": -0.09119883040935672,
        "ci_low": -0.19769005847953217,
        "ci_high": 0.015526315789473683,
        "significant_95": false
      },
      "V12": {
        "n": 342,
        "hit": 0.49707602339181284,
        "yield": -0.06982456140350876,
        "ci_low": -0.18154970760233918,
        "ci_high": 0.04418128654970762,
        "significant_95": false
      },
      "H4": {
        "n": 342,
        "hit": 0.4824561403508772,
        "yield": -0.09926900584795323,
        "ci_low": -0.20400584795321636,
        "ci_high": 0.008654970760233922,
        "significant_95": false
      }
    },
    "Francia": {
      "V0": {
        "n": 306,
        "hit": 0.5490196078431373,
        "yield": 0.0484640522875817,
        "ci_low": -0.07813725490196079,
        "ci_high": 0.1692156862745098,
        "significant_95": false
      },
      "V12": {
        "n": 306,
        "hit": 0.5522875816993464,
        "yield": 0.07705882352941178,
        "ci_low": -0.05395424836601306,
        "ci_high": 0.20709150326797388,
        "significant_95": false
      },
      "H4": {
        "n": 306,
        "hit": 0.5490196078431373,
        "yield": 0.0484640522875817,
        "ci_low": -0.07813725490196079,
        "ci_high": 0.1692156862745098,
        "significant_95": false
      }
    },
    "Inglaterra": {
      "V0": {
        "n": 342,
        "hit": 0.52046783625731,
        "yield": -0.008801169590643275,
        "ci_low": -0.11795321637426899,
        "ci_high": 0.10605263157894736,
        "significant_95": false
      },
      "V12": {
        "n": 342,
        "hit": 0.5146198830409356,
        "yield": 0.0147953216374269,
        "ci_low": -0.09973684210526315,
        "ci_high": 0.14222222222222222,
        "significant_95": false
      },
      "H4": {
        "n": 342,
        "hit": 0.5087719298245614,
        "yield": 0.011637426900584795,
        "ci_low": -0.11064327485380115,
        "ci_high": 0.14318713450292397,
        "significant_95": false
      }
    },
    "Italia": {
      "V0": {
        "n": 306,
        "hit": 0.545751633986928,
        "yield": 0.03826797385620915,
        "ci_low": -0.07751633986928104,
        "ci_high": 0.15401960784313726,
        "significant_95": false
      },
      "V12": {
        "n": 306,
        "hit": 0.5326797385620915,
        "yield": 0.04888888888888889,
        "ci_low": -0.07424836601307189,
        "ci_high": 0.16947712418300653,
        "significant_95": false
      },
      "H4": {
        "n": 306,
        "hit": 0.5588235294117647,
        "yield": 0.08241830065359476,
        "ci_low": -0.04290849673202614,
        "ci_high": 0.20254901960784316,
        "significant_95": false
      }
    },
    "Turquia": {
      "V0": {
        "n": 271,
        "hit": 0.5867158671586716,
        "yield": 0.09498154981549815,
        "ci_low": -0.025166051660516612,
        "ci_high": 0.22313653136531364,
        "significant_95": false
      },
      "V12": {
        "n": 271,
        "hit": 0.5940959409594095,
        "yield": 0.116309963099631,
        "ci_low": 0.002619926199261991,
        "ci_high": 0.24169741697416974,
        "significant_95": true
      },
      "H4": {
        "n": 271,
        "hit": 0.5867158671586716,
        "yield": 0.09498154981549815,
        "ci_low": -0.025166051660516612,
        "ci_high": 0.22313653136531364,
        "significant_95": false
      }
    }
  },
  "politicas": {
    "All_8_ligas (baseline)": {
      "V0": {
        "n": 2348,
        "hit": 0.5119250425894378,
        "yield": -0.0025000000000000027,
        "ci_low": -0.046324531516183994,
        "ci_high": 0.04284071550255536,
        "significant_95": false
      },
      "V12": {
        "n": 2348,
        "hit": 0.5076660988074957,
        "yield": 0.007414821124361159,
        "ci_low": -0.038781942078364565,
        "ci_high": 0.05288756388415673,
        "significant_95": false
      },
      "H4": {
        "n": 2348,
        "hit": 0.510221465076661,
        "yield": 0.009701873935264053,
        "ci_low": -0.035809199318569,
        "ci_high": 0.05416098807495741,
        "significant_95": false
      }
    },
    "Solo_EUR_6": {
      "V0": {
        "n": 1806,
        "hit": 0.5260243632336655,
        "yield": -0.002724252491694354,
        "ci_low": -0.05215393133997785,
        "ci_high": 0.04681616832779623,
        "significant_95": false
      },
      "V12": {
        "n": 1806,
        "hit": 0.5276854928017719,
        "yield": 0.017159468438538206,
        "ci_low": -0.03425249169435216,
        "ci_high": 0.06359911406423034,
        "significant_95": false
      },
      "H4": {
        "n": 1806,
        "hit": 0.526578073089701,
        "yield": 0.011295681063122922,
        "ci_low": -0.0397452934662237,
        "ci_high": 0.06030454042081949,
        "significant_95": false
      }
    },
    "Solo_LATAM_2": {
      "V0": {
        "n": 542,
        "hit": 0.46494464944649444,
        "yield": -0.0017527675276752808,
        "ci_low": -0.09345018450184503,
        "ci_high": 0.10158671586715866,
        "significant_95": false
      },
      "V12": {
        "n": 542,
        "hit": 0.44095940959409596,
        "yield": -0.025055350553505534,
        "ci_low": -0.12643911439114391,
        "ci_high": 0.08527675276752768,
        "significant_95": false
      },
      "H4": {
        "n": 542,
        "hit": 0.45571955719557194,
        "yield": 0.004391143911439114,
        "ci_low": -0.09464944649446494,
        "ci_high": 0.10841328413284132,
        "significant_95": false
      }
    },