{
  "fecha_corrida": "2026-04-26",
  "bead_id": "adepor-617",
  "fase": "F2_plan_ampliacion_cuotas",
  "config": {
    "temps_warmup": [
      2021,
      2022,
      2023
    ],
    "temps_test": [
      2024
    ],
    "ligas_test": [
      "Alemania",
      "Espana",
      "Francia",
      "Inglaterra",
      "Italia",
      "Turquia"
    ],
    "ev_threshold": 1.05,
    "h4_x_threshold": 0.3,
    "bootstrap_n": 1000,
    "cuota_principal": "PSCH (Pinnacle closing)"
  },
  "n_warmup": 8820,
  "n_test_query": 2092,
  "n_test_evaluated": 1806,
  "n_skip": 286,
  "resumen": {
    "V0": {
      "n": 1806,
      "hit": 0.5260243632336655,
      "yield_A": -0.002724252491694354,
      "ci_A_low": -0.05215393133997785,
      "ci_A_high": 0.04681616832779623,
      "n_B": 620,
      "hit_B": 0.3580645161290323,
      "yield_B": -0.02135483870967742,
      "ci_B_low": -0.12470967741935485,
      "ci_B_high": 0.09169354838709677,
      "argmax_dist": {
        "1": 0.7724252491694352,
        "X": 0.0,
        "2": 0.22757475083056478
      }
    },
    "V6": {
      "n": 1806,
      "hit": 0.5166112956810631,
      "yield_A": -0.028205980066445185,
      "ci_A_low": -0.07587486157253599,
      "ci_A_high": 0.017070874861572532,
      "n_B": 527,
      "hit_B": 0.3225806451612903,
      "yield_B": -0.07495256166982922,
      "ci_B_low": -0.18973434535104364,
      "ci_B_high": 0.04979127134724858,
      "argmax_dist": {
        "1": 0.7203765227021041,
        "X": 0.0,
        "2": 0.2796234772978959
      }
    },
    "V7": {
      "n": 1806,
      "hit": 0.5166112956810631,
      "yield_A": -0.028205980066445185,
      "ci_A_low": -0.07587486157253599,
      "ci_A_high": 0.017070874861572532,
      "n_B": 548,
      "hit_B": 0.32299270072992703,
      "yield_B": -0.08125912408759124,
      "ci_B_low": -0.19186131386861313,
      "ci_B_high": 0.03315693430656934,
      "argmax_dist": {
        "1": 0.7203765227021041,
        "X": 0.0,
        "2": 0.2796234772978959
      }
    },
    "V12": {
      "n": 1806,
      "hit": 0.5276854928017719,
      "yield_A": 0.017159468438538206,
      "ci_A_low": -0.03425249169435216,
      "ci_A_high": 0.06359911406423034,
      "n_B": 760,
      "hit_B": 0.3986842105263158,
      "yield_B": 0.021210526315789475,
      "ci_B_low": -0.07869736842105264,
      "ci_B_high": 0.10917105263157895,
      "argmax_dist": {
        "1": 0.6749723145071982,
        "X": 0.023255813953488372,
        "2": 0.3017718715393134
      }
    },
    "H4": {
      "n": 1806,
      "hit": 0.5249169435215947,
      "yield_A": -0.004928017718715395,
      "ci_A_low": -0.05428571428571429,
      "ci_A_high": 0.04423034330011074,
      "n_B": 622,
      "hit_B": 0.35691318327974275,
      "yield_B": -0.0245016077170418,
      "ci_B_low": -0.12660771704180065,
      "ci_B_high": 0.08266881028938906,
      "argmax_dist": {
        "1": 0.770764119601329,
        "X": 0.0016611295681063123,
        "2": 0.22757475083056478
      }
    }
  }
}