{
  "agregado_por_bin": {
    "Q1": {
      "pct_lo": 0.0,
      "pct_hi": 12.5,
      "n": 875,
      "n_apost_A": 216,
      "yield_A": -20.671336708956733,
      "yield_D": -39.623134039050015,
      "yield_F6": -19.48135181864885,
      "hit_A": 29.166666666666668,
      "hit_D": 21.818181818181817,
      "hit_F6": 30.708661417322837,
      "brier_A": 0.6409431273981988,
      "brier_D": 0.6418656796889879,
      "brier_F6": 0.6381722421954806,
      "paired_DvsA": {
        "delta_yield_obs": -18.95179733009328,
        "delta_yield_mean_boot": -19.069525432761687,
        "delta_yield_ci95_lo": -37.041129999673934,
        "delta_yield_ci95_hi": -1.4681233772604059,
        "p_delta_negativo": 0.983,
        "p_delta_positivo": 0.017
      },
      "paired_F6vsA": {
        "delta_yield_obs": 1.1899848903078833,
        "delta_yield_mean_boot": 1.1818025210258214,
        "delta_yield_ci95_lo": -4.546979125046297,
        "delta_yield_ci95_hi": 7.22671049905244,
        "p_delta_negativo": 0.3555,
        "p_delta_positivo": 0.6445
      }
    },
    "Q2": {
      "pct_lo": 12.5,
      "pct_hi": 25.0,
      "n": 995,
      "n_apost_A": 210,
      "yield_A": 8.13809523809524,
      "yield_D": -15.36796920052302,
      "yield_F6": 4.573643817166708,
      "hit_A": 35.23809523809524,
      "hit_D": 27.27272727272727,
      "hit_F6": 34.86590038314176,
      "brier_A": 0.6316255505794373,
      "brier_D": 0.636332635036682,
      "brier_F6": 0.6249315397878569,
      "paired_DvsA": {
        "delta_yield_obs": -23.50606443861826,
        "delta_yield_mean_boot": -23.468386266420456,
        "delta_yield_ci95_lo": -43.35983077800647,
        "delta_yield_ci95_hi": -3.237878106230677,
        "p_delta_negativo": 0.987,
        "p_delta_positivo": 0.013
      },
      "paired_F6vsA": {
        "delta_yield_obs": -3.564451420928531,
        "delta_yield_mean_boot": -3.638255259254006,
        "delta_yield_ci95_lo": -11.948276601248745,
        "delta_yield_ci95_hi": 4.8712788266594025,
        "p_delta_negativo": 0.7975,
        "p_delta_positivo": 0.2025
      }
    },
    "Q3": {
      "pct_lo": 25.0,
      "pct_hi": 37.5,
      "n": 776,
      "n_apost_A": 210,
      "yield_A": 17.29309593621745,
      "yield_D": 20.57843850621066,
      "yield_F6": 14.019294044782345,
      "hit_A": 40.95238095238095,
      "hit_D": 39.81481481481482,
      "hit_F6": 41.66666666666667,
      "brier_A": 0.6190193245845126,
      "brier_D": 0.6246918834384128,
      "brier_F6": 0.6127191975164045,
      "paired_DvsA": {
        "delta_yield_obs": 3.285342569993208,
        "delta_yield_mean_boot": 3.245243950707479,
        "delta_yield_ci95_lo": -16.789359781569647,
        "delta_yield_ci95_hi": 25.381994760016,
        "p_delta_negativo": 0.376,
        "p_delta_positivo": 0.624
      },
      "paired_F6vsA": {
        "delta_yield_obs": -3.273801891435106,
        "delta_yield_mean_boot": -3.3392998958686766,
        "delta_yield_ci95_lo": -10.830993699861622,
        "delta_yield_ci95_hi": 3.9242026008950477,
        "p_delta_negativo": 0.799,
        "p_delta_positivo": 0.201
      }
    },
    "Q4": {
      "pct_lo": 37.5,
      "pct_hi": 50.0,
      "n": 928,
      "n_apost_A": 239,
      "yield_A": 13.920502092050214,
      "yield_D": 16.395545878284672,
      "yield_F6": 6.273653402436579,
      "hit_A": 40.1673640167364,
      "hit_D": 39.0625,
      "hit_F6": 39.03225806451613,
      "brier_A": 0.629901720038734,
      "brier_D": 0.6356604571463212,
      "brier_F6": 0.6241320842467657,
      "paired_DvsA": {
        "delta_yield_obs": 2.4750437862344583,
        "delta_yield_mean_boot": 2.574634777607199,
        "delta_yield_ci95_lo": -15.257966196880103,
        "delta_yield_ci95_hi": 19.94937928215966,
        "p_delta_negativo": 0.376,
        "p_delta_positivo": 0.624
      },
      "paired_F6vsA": {
        "delta_yield_obs": -7.646848689613635,
        "delta_yield_mean_boot": -7.654564464536238,
        "delta_yield_ci95_lo": -15.202200643268647,
        "delta_yield_ci95_hi": -0.2420418545466531,
        "p_delta_negativo": 0.978,
        "p_delta_positivo": 0.022
      }
    },
    "Q5": {
      "pct_lo": 50.0,
      "pct_hi": 62.5,
      "n": 1006,
      "n_apost_A": 251,
      "yield_A": 8.049855730000042,
      "yield_D": 18.426257589962887,
      "yield_F6": 5.071291257409642,
      "hit_A": 36.65338645418327,
      "hit_D": 37.22627737226277,
      "hit_F6": 37.06070287539936,
      "brier_A": 0.6272585460408014,
      "brier_D": 0.6305630985252455,
      "brier_F6": 0.6210170200136025,
      "paired_DvsA": {
        "delta_yield_obs": 10.376401859962845,
        "delta_yield_mean_boot": 10.226643104581871,
        "delta_yield_ci95_lo": -6.811796692276837,
        "delta_yield_ci95_hi": 27.89652066737015,
        "p_delta_negativo": 0.1195,
        "p_delta_positivo": 0.8805
      },
      "paired_F6vsA": {
        "delta_yield_obs": -2.9785644725904,
        "delta_yield_mean_boot": -3.027622777677152,
        "delta_yield_ci95_lo": -10.47596071669356,
        "delta_yield_ci95_hi": 4.406948746316866,
        "p_delta_negativo": 0.7925,
        "p_delta_positivo": 0.2075
      }
    },
    "Q6": {
      "pct_lo": 62.5,
      "pct_hi": 75.0,
      "n": 1024,
      "n_apost_A": 261,
      "yield_A": 13.963740849742626,
      "yield_D": 12.194773942640051,
      "yield_F6": 4.087149715205821,
      "hit_A": 39.08045977011494,
      "hit_D": 36.875,
      "hit_F6": 36.93693693693694,
      "brier_A": 0.6268370599992865,
      "brier_D": 0.6318769237538058,
      "brier_F6": 0.6216763058346404,
      "paired_DvsA": {
        "delta_yield_obs": -1.768966907102575,
        "delta_yield_mean_boot": -1.9247628578896243,
        "delta_yield_ci95_lo": -17.74077429633258,
        "delta_yield_ci95_hi": 12.856524919524835,
        "p_delta_negativo": 0.5915,
        "p_delta_positivo": 0.4085
      },
      "paired_F6vsA": {
        "delta_yield_obs": -9.876591134536806,
        "delta_yield_mean_boot": -9.7727596535949,
        "delta_yield_ci95_lo": -17.22408708107868,
        "delta_yield_ci95_hi": -2.9772152399865024,
        "p_delta_negativo": 0.996,
        "p_delta_positivo": 0.004
      }
    },
    "Q7": {
      "pct_lo": 75.0,
      "pct_hi": 87.5,
      "n": 945,
      "n_apost_A": 260,
      "yield_A": -14.585776394423524,
      "yield_D": -23.564848597697193,
      "yield_F6": -10.146875000000003,
      "hit_A": 31.92307692307692,
      "hit_D": 27.89115646258503,
      "hit_F6": 34.0625,
      "brier_A": 0.6318823518952856,
      "brier_D": 0.6338983201651527,
      "brier_F6": 0.6285272164096197,
      "paired_DvsA": {
        "delta_yield_obs": -8.979072203273669,
        "delta_yield_mean_boot": -9.088031853349595,
        "delta_yield_ci95_lo": -22.474073153800287,
        "delta_yield_ci95_hi": 4.792216316121523,
        "p_delta_negativo": 0.905,
        "p_delta_positivo": 0.095
      },
      "paired_F6vsA": {
        "delta_yield_obs": 4.438901394423521,
        "delta_yield_mean_boot": 4.525738845904007,
        "delta_yield_ci95_lo": -2.2928858688089866,
        "delta_yield_ci95_hi": 11.69611405973306,
        "p_delta_negativo": 0.1075,
        "p_delta_positivo": 0.8925
      }
    },
    "Q8": {
      "pct_lo": 87.5,
      "pct_hi": 100.0,
      "n": 1318,
      "n_apost_A": 355,
      "yield_A": -13.351812427651003,
      "yield_D": -21.152388591803973,
      "yield_F6": -12.105030620295839,
      "hit_A": 30.140845070422532,
      "hit_D": 26.851851851851855,
      "hit_F6": 32.02764976958525,
      "brier_A": 0.6222058428163496,
      "brier_D": 0.6227815634764928,
      "brier_F6": 0.6186597709598289,
      "paired_DvsA": {
        "delta_yield_obs": -7.80057616415297,
        "delta_yield_mean_boot": -8.027728993480915,
        "delta_yield_ci95_lo": -21.287498185772534,
        "delta_yield_ci95_hi": 4.160032809176732,
        "p_delta_negativo": 0.892,
        "p_delta_positivo": 0.108
      },