{
  "agregado_por_bin": {
    "Q1": {
      "pct_lo": 0.0,
      "pct_hi": 25.0,
      "n": 1870,
      "n_apost_A": 426,
      "yield_A": -6.46436057518853,
      "yield_D": -27.497294118675924,
      "yield_F6": -7.290315720539063,
      "hit_A": 32.159624413145536,
      "hit_D": 24.545454545454547,
      "hit_F6": 32.81553398058252,
      "brier_A": 0.6359853793047936,
      "brier_D": 0.6389216265183759,
      "brier_F6": 0.6311270556203011,
      "paired_DvsA": {
        "delta_yield_obs": -21.032933543487395,
        "delta_yield_mean_boot": -21.081476150327244,
        "delta_yield_ci95_lo": -34.91209500930698,
        "delta_yield_ci95_hi": -7.432063592292163,
        "p_delta_negativo": 0.998,
        "p_delta_positivo": 0.002
      },
      "paired_F6vsA": {
        "delta_yield_obs": -0.8259551453505329,
        "delta_yield_mean_boot": -0.8279443342270904,
        "delta_yield_ci95_lo": -5.991289848693897,
        "delta_yield_ci95_hi": 4.279408310889556,
        "p_delta_negativo": 0.611,
        "p_delta_positivo": 0.389
      }
    },
    "Q2": {
      "pct_lo": 25.0,
      "pct_hi": 50.0,
      "n": 1704,
      "n_apost_A": 449,
      "yield_A": 15.49711550325733,
      "yield_D": 18.311571228545567,
      "yield_F6": 9.836308016847802,
      "hit_A": 40.53452115812918,
      "hit_D": 39.40677966101695,
      "hit_F6": 40.243902439024396,
      "brier_A": 0.6249458873670932,
      "brier_D": 0.6306653789788701,
      "brier_F6": 0.6189346663460846,
      "paired_DvsA": {
        "delta_yield_obs": 2.814455725288237,
        "delta_yield_mean_boot": 2.6823283246300798,
        "delta_yield_ci95_lo": -11.169515943934213,
        "delta_yield_ci95_hi": 16.558453611364172,
        "p_delta_negativo": 0.3425,
        "p_delta_positivo": 0.6575
      },
      "paired_F6vsA": {
        "delta_yield_obs": -5.660807486409528,
        "delta_yield_mean_boot": -5.768567909560062,
        "delta_yield_ci95_lo": -11.463606908271906,
        "delta_yield_ci95_hi": -0.21742159324524707,
        "p_delta_negativo": 0.981,
        "p_delta_positivo": 0.019
      }
    },
    "Q3": {
      "pct_lo": 50.0,
      "pct_hi": 75.0,
      "n": 2030,
      "n_apost_A": 512,
      "yield_A": 11.064639174940345,
      "yield_D": 15.069938255619203,
      "yield_F6": 4.56402958036097,
      "hit_A": 37.890625,
      "hit_D": 37.03703703703704,
      "hit_F6": 36.9969040247678,
      "brier_A": 0.627045934362717,
      "brier_D": 0.6312258359804405,
      "brier_F6": 0.621349585866185,
      "paired_DvsA": {
        "delta_yield_obs": 4.005299080678858,
        "delta_yield_mean_boot": 4.229894712776026,
        "delta_yield_ci95_lo": -6.993563830286663,
        "delta_yield_ci95_hi": 15.155663910071896,
        "p_delta_negativo": 0.226,
        "p_delta_positivo": 0.774
      },
      "paired_F6vsA": {
        "delta_yield_obs": -6.500609594579375,
        "delta_yield_mean_boot": -6.501984027331368,
        "delta_yield_ci95_lo": -11.454607987561397,
        "delta_yield_ci95_hi": -1.6118906328316212,
        "p_delta_negativo": 0.996,
        "p_delta_positivo": 0.004
      }
    },
    "Q4": {
      "pct_lo": 75.0,
      "pct_hi": 100.0,
      "n": 2263,
      "n_apost_A": 615,
      "yield_A": -13.873472086713324,
      "yield_D": -22.12999999159458,
      "yield_F6": -11.273814865302965,
      "hit_A": 30.89430894308943,
      "hit_D": 27.27272727272727,
      "hit_F6": 32.891246684350136,
      "brier_A": 0.6262466298599176,
      "brier_D": 0.6274237795926146,
      "brier_F6": 0.62278029060192,
      "paired_DvsA": {
        "delta_yield_obs": -8.256527904881256,
        "delta_yield_mean_boot": -8.35971511626655,
        "delta_yield_ci95_lo": -17.59520817606179,
        "delta_yield_ci95_hi": 1.0839478620710077,
        "p_delta_negativo": 0.9575,
        "p_delta_positivo": 0.0425
      },
      "paired_F6vsA": {
        "delta_yield_obs": 2.599657221410359,
        "delta_yield_mean_boot": 2.5904220830013327,
        "delta_yield_ci95_lo": -1.6756469515977812,
        "delta_yield_ci95_hi": 6.971736046495913,
        "p_delta_negativo": 0.1235,
        "p_delta_positivo": 0.8765
      }
    }
  },
  "por_temp_bin": {
    "2022_Q1": {
      "n": 683,
      "yield_A": 8.35526315789474,
      "yield_D": -33.54545454545455,
      "paired_DvsA": {
        "delta_yield_obs": -41.90071770334929,
        "delta_yield_mean_boot": -40.04844574769918,
        "delta_yield_ci95_lo": -115.45674431202602,
        "delta_yield_ci95_hi": 52.10942080597878,
        "p_delta_negativo": 0.826,
        "p_delta_positivo": 0.174
      }
    },
    "2022_Q2": {
      "n": 374,
      "yield_A": 31.055555555555554,
      "yield_D": 30.839280238645593,
      "paired_DvsA": {
        "delta_yield_obs": -0.21627531690996094,
        "delta_yield_mean_boot": -0.24773409201041388,
        "delta_yield_ci95_lo": -60.11933176624196,
        "delta_yield_ci95_hi": 54.62012725306417,
        "p_delta_negativo": 0.5015,
        "p_delta_positivo": 0.4985
      }
    },
    "2022_Q3": {
      "n": 625,
      "yield_A": 11.502809463563148,
      "yield_D": 44.435483870967744,
      "paired_DvsA": {
        "delta_yield_obs": 32.9326744074046,
        "delta_yield_mean_boot": 32.53067956115025,
        "delta_yield_ci95_lo": 5.812660509656445,
        "delta_yield_ci95_hi": 59.17835683540461,
        "p_delta_negativo": 0.0105,
        "p_delta_positivo": 0.9895
      }
    },
    "2022_Q4": {
      "n": 760,
      "yield_A": 0.8848223615005287,
      "yield_D": 9.21864194446043,
      "paired_DvsA": {
        "delta_yield_obs": 8.3338195829599,
        "delta_yield_mean_boot": 8.284198218396254,
        "delta_yield_ci95_lo": -14.41535337779401,
        "delta_yield_ci95_hi": 31.202166491994067,
        "p_delta_negativo": 0.24,
        "p_delta_positivo": 0.76
      }
    },
    "2023_Q1": {
      "n": 626,
      "yield_A": -12.048757750562999,
      "yield_D": -33.984895009347085,
      "paired_DvsA": {
        "delta_yield_obs": -21.936137258784086,
        "delta_yield_mean_boot": -21.927644192426172,
        "delta_yield_ci95_lo": -41.79974559172611,
        "delta_yield_ci95_hi": -1.5725231954386347,
        "p_delta_negativo": 0.9835,
        "p_delta_positivo": 0.0165
      }
    },
    "2023_Q2": {
      "n": 657,
      "yield_A": 11.849397590361447,
      "yield_D": 6.458333333333331,
      "paired_DvsA": {
        "delta_yield_obs": -5.391064257028115,
        "delta_yield_mean_boot": -5.364987515941399,
        "delta_yield_ci95_lo": -25.434259301156366,
        "delta_yield_ci95_hi": 13.400784274721579,
        "p_delta_negativo": 0.704,
        "p_delta_positivo": 0.296
      }
    },
    "2023_Q3": {
      "n": 680,
      "yield_A": 9.011329298203805,
      "yield_D": -2.7928157552972412,
      "paired_DvsA": {
        "delta_yield_obs": -11.804145053501045,
        "delta_yield_mean_boot": -11.614030141910701,
        "delta_yield_ci95_lo": -32.76419645896059,
        "delta_yield_ci95_hi": 9.192009883572302,
        "p_delta_negativo": 0.86,
        "p_delta_positivo": 0.14
      }
    },
    "2023_Q4": {
      "n": 740,
      "yield_A": -23.813831180198214,
      "yield_D": -43.99423307240166,
      "paired_DvsA": {
        "delta_yield_obs": -20.18040189220345,
        "delta_yield_mean_boot": -20.296105157479563,
        "delta_yield_ci95_lo": -35.78401769036056,
        "delta_yield_ci95_hi": -5.964244400181819,
        "p_delta_negativo": 0.999,
        "p_delta_positivo": 0.001
      }
    },
    "2024_Q1": {
      "n": 561,
      "yield_A": -7.238372093023256,
      "yield_D": -21.06120047498308,
      "paired_DvsA": {
        "delta_yield_obs": -13.822828381959827,
        "delta_yield_mean_boot": -13.787386089645407,
        "delta_yield_ci95_lo": -32.22541080923027,
        "delta_yield_ci95_hi": 2.5475171205292195,
        "p_delta_negativo": 0.9435,
        "p_delta_positivo": 0.0565
      }
    },
    "2024_Q2": {
      "n": 673,