{
  "fecha": "2026-04-26",
  "bead": "adepor-edk",
  "restriccion": "Mantener todas las ligas activas (sin gate por liga)",
  "n_preds": 2348,
  "estrategias": {
    "V0 uniforme (statu quo)": {
      "n": 2348,
      "hit": 0.5119250425894378,
      "yield": -0.0025000000000000027,
      "ci_low": -0.046324531516183994,
      "ci_high": 0.04284071550255536,
      "significant_95": false
    },
    "V12 uniforme (todas las ligas)": {
      "n": 2348,
      "hit": 0.5076660988074957,
      "yield": 0.007414821124361159,
      "ci_low": -0.038781942078364565,
      "ci_high": 0.05288756388415673,
      "significant_95": false
    },
    "H4 uniforme thresh=0.30": {
      "n": 2348,
      "hit": 0.5093696763202725,
      "yield": 0.007849233390119248,
      "ci_low": -0.038824531516183994,
      "ci_high": 0.052487223168654173,
      "significant_95": false
    },
    "H4 uniforme thresh=0.35": {
      "n": 2348,
      "hit": 0.510221465076661,
      "yield": 0.009701873935264053,
      "ci_low": -0.035809199318569,
      "ci_high": 0.05416098807495741,
      "significant_95": false
    },
    "L2 solo: V12 solo TUR; V0 resto": {
      "n": 2348,
      "hit": 0.5127768313458262,
      "yield": -3.8330494037481295e-05,
      "ci_low": -0.04235945485519591,
      "ci_high": 0.04626064735945485,
      "significant_95": false
    },
    "L2+L3: V12 solo TUR; H4(0.35) resto": {
      "n": 2348,
      "hit": 0.5110732538330494,
      "yield": 0.012163543441226573,
      "ci_low": -0.033875638841567295,
      "ci_high": 0.05674190800681431,
      "significant_95": false
    }
  },
  "sweep_h4_uniforme": {
    "thresh_0.20": {
      "n": 2348,
      "yield": 0.007849233390119248,
      "ci_low": -0.038824531516183994,
      "ci_high": 0.052487223168654173
    },
    "thresh_0.25": {
      "n": 2348,
      "yield": 0.007849233390119248,
      "ci_low": -0.038824531516183994,
      "ci_high": 0.052487223168654173
    },
    "thresh_0.30": {
      "n": 2348,
      "yield": 0.007849233390119248,
      "ci_low": -0.038824531516183994,
      "ci_high": 0.052487223168654173
    },
    "thresh_0.35": {
      "n": 2348,
      "yield": 0.009701873935264053,
      "ci_low": -0.035809199318569,
      "ci_high": 0.05416098807495741
    },
    "thresh_0.40": {
      "n": 2348,
      "yield": 0.000123509369676318,
      "ci_low": -0.04436541737649063,
      "ci_high": 0.045596252129471895
    },
    "thresh_0.45": {
      "n": 2348,
      "yield": -0.0026575809199318595,
      "ci_low": -0.04616695059625213,
      "ci_high": 0.04245315161839863
    },
    "thresh_0.50": {
      "n": 2348,
      "yield": -0.0025000000000000027,
      "ci_low": -0.046324531516183994,
      "ci_high": 0.04284071550255536
    }
  }
}